timestamp,00:03:52:8B:24:C0,00:03:52:8B:53:F4,00:03:52:8B:53:F3,00:03:52:8B:53:F2,00:03:52:8B:53:F1,00:03:52:8B:53:F0,00:80:48:51:E8:52,1E:A1:E7:08:C2:B8,00:03:52:8B:2C:E0,00:03:52:8B:2C:E3,00:03:52:8B:2C:E2,00:03:52:8B:2C:E4,00:03:52:94:5D:81,00:03:52:94:5D:80,00:03:52:94:5D:83,00:03:52:94:5D:82,00:03:52:94:5D:84,00:1B:63:2D:5E:F9,00:03:52:8B:8B:61,00:03:52:8B:8B:60,00:03:52:8B:8B:63,00:03:52:8B:8B:62,00:03:52:8B:8B:64,00:1E:E5:F7:29:DF,00:03:52:8B:85:04,00:03:52:8B:85:02,00:03:52:8B:85:03,00:03:52:8B:85:00,00:03:52:8B:85:01,00:03:52:8B:87:24,00:03:52:8B:87:22,00:03:52:8B:87:23,00:03:52:8B:87:20,00:03:52:8B:87:21,00:24:7B:10:EE:60,26:AB:81:D1:88:73,00:03:52:8B:2E:A4,00:03:52:8B:2E:A3,00:03:52:8B:2E:A2,00:03:52:8B:2E:A1,00:03:52:8B:2E:A0,00:A0:F8:C3:BF:5A,00:03:52:8A:E8:72,00:03:52:8B:8D:12,00:03:52:8B:8D:13,00:03:52:8B:8D:10,00:03:52:8B:8D:11,00:03:52:8B:8D:14,00:03:52:8B:8C:E3,00:03:52:8B:8C:E2,00:03:52:8B:8C:E1,00:03:52:8B:8C:E0,00:A0:F8:DD:17:2A,00:03:52:8B:8C:E4,5C:0E:8B:13:40:E0,00:03:52:8B:37:61,00:03:52:8B:37:60,00:03:52:8B:37:63,00:03:52:8B:37:62,00:03:52:8B:37:64,00:A0:F8:C3:BD:75,00:03:52:8B:2C:E1,00:03:52:8B:24:C4,00:03:52:8B:24:C2,00:03:52:8B:24:C3,00:1A:70:F0:9C:4F,00:03:52:8B:24:C1,00:03:52:8B:2A:62,00:03:52:8B:2A:63,00:03:52:8B:2A:60,00:03:52:8B:2A:61,00:03:52:8B:2A:64,40:4A:03:DE:74:A0,00:03:52:8B:87:54,00:03:52:8B:87:53,00:03:52:8B:87:52,00:03:52:8B:87:51,00:03:52:8B:87:50,00:80:48:51:E8:74,00:24:01:E0:D1:7D,00:03:52:8F:73:04,00:03:52:8F:73:03,00:03:52:8F:73:02,00:03:52:8F:73:01,00:03:52:8F:73:00,00:03:52:8B:5F:60,00:03:52:8B:5F:61,00:03:52:8B:5F:62,00:03:52:8B:5F:63,00:03:52:8B:5F:64,00:03:52:8A:E8:70,00:03:52:8A:E8:71,00:03:52:8B:29:40,00:03:52:8B:29:41,00:03:52:8B:29:42,00:03:52:8B:29:43,00:03:52:8B:29:44,5C:0E:8B:13:B7:40,00:1E:E5:F6:F6:ED
768,-87,-95,-95,-95,-95,-95,-46,-88,-95,-95,-95,-95,-95,-95,-95,-95,-95,-95,-95,-95,-95,-95,-95,-95,-86,-84,-87,-81,-84,-90,-84,-91,-79,-93,-87,-66,-95,-95,-95,-95,-95,-95,-95,-95,-95,-95,-95,-95,-89,-95,-95,-95,-95,-95,-78,-95,-95,-95,-95,-95,-95,-95,-87,-86,-87,-80,-86,-77,-82,-95,-95,-95,-95,-95,-95,-95,-95,-95,-55,-95,-95,-95,-95,-95,-95,-64,-95,-95,-95,-95,-95,-95,-95,-95,-95,-95,-95,-95,-95
215,-42,-95,-95,-95,-95,-95,-95,-95,-95,-95,-95,-95,-71,-73,-72,-73,-69,-95,-95,-95,-95,-95,-95,-95,-61,-59,-63,-63,-89,-90,-89,-91,-95,-95,-95,-95,-95,-95,-95,-95,-95,-95,-95,-95,-95,-80,-95,-95,-84,-86,-86,-87,-95,-86,-95,-95,-95,-95,-95,-95,-95,-95,-95,-95,-95,-66,-95,-95,-95,-84,-95,-95,-66,-95,-95,-95,-95,-95,-83,-95,-95,-95,-95,-95,-69,-72,-68,-71,-71,-71,-95,-95,-95,-95,-95,-95,-95,-95,-95
212,-47,-95,-95,-95,-95,-95,-87,-95,-95,-95,-95,-95,-71,-73,-72,-73,-69,-95,-95,-95,-95,-95,-95,-95,-72,-70,-69,-63,-70,-90,-91,-90,-95,-95,-95,-95,-95,-95,-95,-95,-95,-95,-95,-95,-95,-80,-95,-95,-84,-86,-86,-87,-95,-86,-95,-95,-95,-95,-95,-95,-95,-95,-95,-95,-95,-54,-95,-79,-95,-84,-95,-95,-66,-95,-95,-95,-95,-95,-78,-95,-95,-95,-95,-95,-69,-67,-68,-69,-69,-69,-95,-95,-95,-95,-95,-95,-95,-91,-95
819,-85,-95,-95,-95,-95,-95,-76,-81,-95,-95,-95,-95,-87,-87,-86,-87,-87,-88,-95,-95,-95,-95,-95,-95,-64,-64,-81,-63,-67,-67,-67,-68,-71,-67,-95,-80,-95,-95,-95,-95,-95,-95,-95,-95,-95,-90,-95,-95,-75,-95,-95,-70,-95,-95,-87,-95,-95,-95,-95,-95,-95,-95,-95,-95,-95,-55,-95,-78,-82,-65,-77,-84,-92,-95,-95,-95,-95,-95,-52,-95,-95,-95,-95,-95,-95,-49,-95,-95,-95,-95,-95,-95,-95,-95,-95,-95,-95,-95,-95
669,-62,-95,-95,-95,-95,-95,-86,-91,-95,-95,-95,-95,-75,-73,-75,-78,-77,-95,-95,-95,-95,-95,-95,-95,-57,-64,-64,-56,-65,-88,-87,-87,-91,-88,-95,-95,-95,-95,-95,-95,-95,-95,-95,-95,-87,-84,-86,-86,-86,-84,-84,-87,-95,-86,-89,-95,-95,-95,-95,-95,-95,-95,-60,-61,-60,-57,-60,-87,-86,-85,-85,-87,-71,-95,-95,-95,-95,-95,-74,-95,-66,-76,-76,-66,-70,-47,-90,-95,-89,-95,-95,-95,-95,-95,-95,-95,-95,-92,-95
762,-86,-95,-95,-95,-95,-95,-40,-88,-95,-95,-95,-95,-95,-95,-95,-95,-95,-95,-95,-95,-95,-95,-95,-95,-87,-95,-95,-88,-95,-89,-88,-92,-92,-93,-95,-45,-95,-95,-95,-95,-95,-87,-95,-95,-95,-95,-95,-95,-89,-95,-95,-95,-95,-95,-84,-95,-95,-95,-95,-95,-95,-95,-95,-95,-95,-88,-95,-95,-88,-95,-95,-89,-95,-95,-95,-95,-95,-95,-57,-95,-95,-95,-95,-95,-95,-70,-95,-95,-95,-95,-95,-95,-95,-95,-95,-95,-95,-95,-95
666,-61,-95,-95,-95,-95,-95,-89,-91,-95,-95,-95,-95,-75,-73,-75,-78,-77,-95,-95,-95,-95,-95,-95,-95,-57,-58,-57,-57,-58,-88,-87,-88,-87,-87,-95,-95,-95,-95,-95,-95,-95,-95,-95,-95,-87,-84,-86,-86,-89,-95,-91,-89,-95,-89,-89,-95,-95,-95,-95,-95,-95,-95,-95,-95,-95,-46,-95,-84,-85,-84,-86,-84,-84,-95,-95,-95,-95,-95,-72,-95,-66,-76,-76,-66,-70,-51,-95,-95,-95,-95,-95,-95,-95,-95,-95,-95,-95,-92,-95
127,-95,-88,-86,-91,-91,-90,-53,-86,-95,-95,-95,-95,-88,-89,-91,-88,-92,-95,-95,-95,-95,-95,-95,-95,-87,-87,-87,-75,-95,-87,-86,-89,-95,-89,-89,-76,-95,-95,-95,-95,-95,-95,-95,-95,-95,-95,-95,-95,-95,-95,-95,-95,-95,-95,-78,-95,-95,-95,-95,-95,-86,-95,-80,-95,-86,-82,-95,-80,-82,-82,-82,-83,-95,-95,-95,-95,-95,-95,-83,-95,-95,-95,-95,-95,-95,-59,-95,-95,-95,-95,-95,-95,-95,-95,-95,-95,-86,-95,-95
661,-52,-95,-95,-95,-95,-95,-88,-90,-95,-95,-95,-95,-75,-78,-75,-78,-77,-95,-95,-95,-95,-95,-95,-95,-63,-58,-61,-60,-61,-86,-88,-88,-90,-87,-88,-95,-95,-95,-95,-95,-95,-95,-95,-95,-95,-77,-95,-95,-95,-95,-95,-95,-95,-95,-88,-95,-95,-95,-95,-95,-95,-95,-95,-95,-95,-49,-95,-82,-83,-82,-83,-80,-81,-95,-95,-95,-95,-95,-78,-95,-66,-66,-66,-66,-70,-57,-95,-95,-95,-95,-95,-95,-95,-95,-95,-95,-95,-92,-95
765,-86,-95,-95,-95,-95,-95,-43,-89,-95,-95,-95,-95,-95,-95,-95,-95,-95,-95,-95,-95,-95,-95,-95,-95,-86,-84,-86,-84,-84,-90,-88,-91,-88,-93,-95,-74,-95,-95,-95,-95,-95,-87,-95,-95,-95,-95,-95,-95,-89,-95,-95,-95,-95,-95,-87,-95,-95,-95,-95,-95,-95,-95,-95,-95,-95,-76,-95,-95,-88,-95,-95,-89,-95,-95,-95,-95,-95,-95,-51,-95,-95,-95,-95,-95,-95,-66,-95,-95,-95,-95,-95,-95,-95,-95,-95,-95,-95,-95,-95
130,-95,-88,-86,-91,-91,-90,-64,-80,-95,-95,-95,-95,-81,-85,-80,-82,-85,-95,-95,-95,-95,-95,-95,-95,-81,-81,-81,-84,-95,-88,-89,-89,-95,-87,-89,-78,-95,-95,-95,-95,-95,-95,-95,-95,-95,-95,-95,-95,-95,-95,-95,-95,-95,-95,-82,-95,-95,-95,-95,-95,-86,-95,-80,-95,-86,-82,-95,-79,-82,-89,-76,-88,-95,-95,-95,-95,-95,-95,-56,-95,-95,-95,-95,-95,-95,-51,-95,-95,-95,-95,-95,-95,-95,-95,-95,-95,-86,-95,-95
498,-95,-95,-95,-95,-95,-95,-95,-95,-84,-85,-82,-79,-95,-95,-95,-95,-95,-47,-95,-49,-95,-95,-88,-61,-95,-95,-95,-95,-95,-62,-74,-61,-77,-64,-95,-95,-86,-71,-74,-76,-73,-95,-70,-71,-71,-79,-72,-71,-75,-75,-95,-62,-95,-72,-95,-95,-95,-95,-95,-95,-95,-85,-95,-95,-95,-95,-95,-67,-68,-67,-65,-67,-76,-66,-64,-64,-66,-72,-95,-79,-69,-61,-68,-69,-60,-95,-95,-95,-95,-95,-71,-72,-95,-95,-95,-95,-95,-91,-72
134,-88,-88,-86,-91,-91,-90,-61,-80,-95,-95,-95,-95,-81,-85,-80,-82,-85,-95,-95,-95,-95,-95,-95,-95,-91,-75,-71,-72,-73,-82,-80,-83,-80,-80,-89,-85,-95,-95,-95,-95,-95,-95,-95,-95,-95,-95,-95,-95,-80,-95,-82,-79,-95,-80,-82,-95,-95,-95,-95,-95,-86,-95,-80,-95,-86,-87,-86,-73,-82,-75,-76,-88,-95,-95,-95,-95,-95,-95,-60,-95,-95,-95,-95,-95,-95,-48,-95,-95,-95,-95,-95,-95,-95,-95,-95,-95,-95,-95,-95
494,-95,-95,-95,-95,-95,-95,-95,-95,-84,-85,-82,-79,-95,-95,-95,-95,-95,-51,-95,-48,-95,-95,-88,-63,-95,-95,-95,-95,-95,-64,-64,-64,-63,-64,-95,-95,-86,-85,-69,-85,-85,-95,-65,-71,-71,-69,-72,-71,-75,-75,-95,-66,-95,-72,-95,-95,-95,-95,-95,-95,-95,-85,-95,-95,-95,-95,-95,-65,-70,-78,-71,-67,-75,-64,-64,-64,-66,-71,-95,-79,-69,-61,-68,-69,-55,-95,-95,-95,-95,-95,-74,-72,-95,-95,-95,-95,-95,-91,-71
138,-88,-95,-95,-91,-91,-90,-62,-86,-95,-95,-95,-95,-81,-85,-80,-82,-85,-95,-95,-95,-95,-95,-95,-95,-71,-68,-71,-70,-70,-77,-75,-77,-78,-87,-89,-88,-95,-95,-95,-95,-95,-95,-95,-95,-95,-95,-95,-95,-81,-80,-82,-83,-95,-80,-82,-95,-95,-95,-95,-95,-95,-95,-95,-95,-86,-81,-86,-73,-82,-74,-76,-88,-95,-95,-95,-95,-95,-95,-47,-95,-95,-95,-95,-95,-95,-49,-95,-95,-95,-95,-95,-95,-95,-95,-95,-92,-95,-95,-95
490,-95,-95,-95,-95,-95,-95,-95,-95,-82,-85,-82,-79,-89,-95,-90,-91,-95,-59,-95,-50,-95,-95,-95,-66,-95,-95,-95,-95,-95,-75,-61,-73,-72,-95,-95,-95,-72,-76,-75,-75,-73,-95,-65,-69,-68,-67,-68,-68,-75,-75,-95,-61,-95,-72,-95,-95,-95,-95,-95,-95,-95,-85,-95,-95,-95,-95,-95,-72,-68,-92,-71,-68,-85,-70,-68,-66,-62,-72,-95,-85,-69,-61,-68,-69,-68,-95,-95,-95,-95,-95,-66,-67,-95,-95,-95,-95,-95,-91,-68
626,-58,-95,-95,-95,-95,-95,-95,-95,-95,-95,-95,-95,-95,-95,-95,-95,-95,-95,-95,-95,-95,-95,-95,-95,-95,-86,-83,-88,-88,-92,-95,-90,-95,-95,-95,-95,-76,-75,-75,-77,-84,-95,-83,-95,-95,-76,-95,-95,-88,-70,-95,-80,-95,-87,-95,-95,-95,-95,-95,-95,-95,-95,-95,-95,-95,-80,-95,-89,-86,-83,-95,-95,-52,-87,-87,-87,-86,-88,-95,-95,-95,-95,-95,-95,-47,-82,-83,-80,-95,-95,-86,-87,-95,-95,-95,-95,-95,-83,-95
24,-62,-95,-95,-95,-95,-95,-87,-95,-95,-95,-95,-95,-80,-72,-80,-80,-79,-95,-95,-95,-95,-95,-95,-95,-57,-57,-64,-57,-57,-84,-95,-95,-86,-95,-95,-95,-95,-95,-95,-95,-95,-95,-95,-95,-95,-80,-95,-95,-95,-95,-95,-95,-95,-95,-87,-95,-95,-95,-95,-95,-95,-95,-18,-24,-18,-51,-20,-86,-86,-84,-95,-81,-69,-95,-95,-95,-95,-95,-67,-95,-95,-95,-95,-95,-70,-47,-60,-58,-58,-58,-95,-95,-95,-95,-95,-95,-95,-95,-95
27,-59,-95,-95,-95,-95,-95,-81,-87,-95,-95,-95,-95,-95,-72,-95,-95,-95,-95,-95,-95,-95,-95,-95,-95,-55,-56,-54,-52,-55,-87,-95,-95,-86,-95,-95,-95,-95,-95,-95,-95,-95,-95,-95,-95,-95,-80,-95,-95,-95,-95,-95,-95,-95,-95,-95,-95,-95,-95,-95,-95,-95,-95,-58,-58,-61,-46,-58,-95,-95,-84,-95,-81,-69,-95,-95,-95,-95,-95,-64,-95,-95,-95,-95,-95,-70,-44,-60,-58,-58,-58,-95,-95,-95,-95,-95,-95,-95,-95,-95
20,-58,-95,-95,-95,-95,-95,-87,-95,-95,-95,-95,-95,-80,-72,-80,-80,-79,-95,-95,-95,-95,-95,-95,-95,-62,-63,-64,-63,-63,-89,-95,-85,-86,-95,-95,-95,-95,-95,-95,-95,-95,-95,-95,-95,-95,-80,-95,-95,-95,-95,-95,-95,-95,-95,-87,-95,-95,-95,-95,-95,-95,-95,-18,-24,-18,-45,-20,-86,-86,-84,-85,-87,-69,-95,-95,-95,-95,-95,-73,-95,-95,-95,-95,-95,-70,-60,-58,-59,-56,-59,-95,-95,-95,-95,-95,-95,-95,-89,-95
23,-62,-95,-95,-95,-95,-95,-87,-95,-95,-95,-95,-95,-80,-72,-80,-80,-79,-95,-95,-95,-95,-95,-95,-95,-57,-57,-64,-57,-57,-84,-95,-95,-86,-95,-95,-95,-95,-95,-95,-95,-95,-95,-95,-95,-95,-80,-95,-95,-95,-95,-95,-95,-95,-95,-87,-95,-95,-95,-95,-95,-95,-95,-18,-24,-18,-51,-20,-86,-86,-84,-95,-81,-69,-95,-95,-95,-95,-95,-71,-95,-95,-95,-95,-95,-70,-58,-60,-58,-58,-58,-95,-95,-95,-95,-95,-95,-95,-95,-95
95,-82,-83,-86,-86,-87,-86,-57,-88,-95,-95,-95,-95,-78,-81,-81,-78,-78,-87,-95,-95,-95,-95,-95,-95,-82,-86,-87,-75,-72,-86,-87,-86,-87,-88,-88,-71,-95,-95,-95,-95,-95,-95,-95,-95,-95,-95,-95,-95,-84,-82,-82,-80,-95,-87,-79,-95,-95,-95,-95,-95,-95,-95,-95,-95,-95,-72,-95,-80,-87,-86,-73,-75,-95,-95,-95,-95,-95,-95,-49,-95,-95,-95,-95,-95,-95,-63,-95,-95,-95,-95,-95,-95,-90,-89,-88,-95,-95,-95,-95
698,-87,-95,-95,-95,-95,-95,-77,-85,-95,-95,-95,-95,-82,-83,-82,-82,-84,-95,-95,-95,-95,-95,-95,-95,-52,-52,-52,-40,-50,-70,-70,-70,-67,-70,-95,-87,-95,-95,-95,-95,-95,-95,-95,-89,-89,-90,-89,-87,-84,-81,-95,-95,-95,-95,-83,-95,-95,-95,-95,-95,-95,-95,-79,-80,-80,-57,-78,-84,-66,-65,-69,-93,-82,-95,-95,-95,-95,-95,-55,-95,-79,-79,-78,-78,-81,-36,-95,-95,-95,-95,-95,-95,-95,-95,-95,-95,-95,-95,-95
526,-95,-95,-95,-95,-95,-95,-95,-95,-63,-63,-60,-61,-78,-95,-95,-95,-95,-61,-67,-91,-64,-64,-66,-69,-95,-95,-95,-95,-95,-78,-78,-77,-79,-77,-95,-95,-79,-57,-34,-34,-44,-95,-63,-78,-85,-95,-78,-81,-95,-95,-95,-58,-95,-95,-95,-95,-95,-95,-95,-95,-95,-68,-95,-88,-95,-95,-95,-72,-72,-72,-70,-72,-87,-64,-64,-64,-65,-65,-95,-87,-95,-95,-95,-95,-56,-95,-95,-95,-95,-95,-53,-58,-95,-95,-95,-95,-95,-81,-72
289,-95,-95,-95,-95,-95,-95,-95,-95,-76,-74,-74,-69,-95,-95,-95,-95,-95,-64,-71,-66,-68,-68,-70,-75,-95,-95,-95,-95,-95,-87,-68,-68,-64,-72,-95,-95,-95,-95,-95,-95,-67,-95,-59,-95,-95,-74,-95,-95,-68,-68,-68,-64,-95,-68,-95,-95,-95,-95,-95,-95,-95,-72,-95,-95,-95,-95,-95,-67,-82,-64,-62,-67,-66,-95,-95,-95,-95,-67,-95,-72,-58,-55,-55,-58,-57,-95,-95,-95,-95,-95,-69,-64,-95,-95,-95,-95,-95,-89,-87
345,-95,-95,-95,-95,-95,-95,-95,-91,-80,-80,-78,-95,-82,-82,-82,-82,-83,-58,-43,-51,-41,-44,-39,-61,-95,-95,-95,-95,-95,-66,-64,-64,-62,-63,-95,-95,-95,-70,-70,-88,-86,-95,-89,-75,-72,-72,-72,-71,-81,-95,-95,-66,-95,-82,-95,-95,-95,-95,-95,-95,-95,-78,-95,-95,-95,-95,-95,-61,-73,-81,-75,-76,-84,-48,-46,-46,-51,-51,-95,-80,-95,-95,-95,-95,-60,-95,-95,-95,-95,-95,-61,-71,-95,-95,-95,-95,-95,-86,-90
405,-95,-95,-95,-95,-95,-95,-95,-95,-77,-74,-72,-74,-95,-95,-89,-95,-89,-76,-95,-82,-95,-95,-95,-95,-95,-95,-95,-95,-95,-86,-85,-86,-86,-95,-95,-95,-95,-95,-95,-95,-70,-95,-79,-95,-95,-95,-95,-95,-95,-95,-95,-55,-95,-95,-95,-95,-95,-95,-95,-95,-95,-74,-95,-95,-95,-95,-95,-87,-83,-87,-85,-85,-72,-95,-95,-95,-95,-84,-95,-95,-95,-95,-95,-95,-56,-95,-95,-95,-95,-95,-76,-79,-95,-95,-95,-95,-95,-84,-95
341,-95,-95,-95,-95,-95,-95,-95,-91,-80,-80,-78,-95,-88,-89,-88,-89,-88,-50,-43,-54,-41,-44,-39,-61,-95,-95,-95,-95,-95,-70,-69,-75,-68,-66,-95,-95,-83,-83,-67,-69,-71,-95,-74,-83,-74,-82,-80,-72,-81,-95,-95,-67,-95,-82,-95,-95,-95,-95,-95,-95,-95,-78,-95,-95,-95,-95,-95,-67,-67,-73,-70,-67,-84,-69,-55,-58,-64,-66,-95,-80,-86,-61,-63,-81,-60,-95,-95,-95,-95,-95,-65,-71,-95,-95,-95,-95,-95,-91,-73
281,-95,-95,-95,-95,-95,-95,-95,-95,-73,-85,-85,-88,-95,-95,-95,-95,-95,-64,-77,-71,-64,-69,-58,-77,-95,-95,-95,-95,-95,-78,-79,-78,-95,-78,-95,-95,-95,-95,-95,-95,-59,-95,-61,-95,-95,-74,-95,-83,-95,-95,-95,-58,-95,-95,-95,-95,-95,-95,-95,-95,-95,-76,-95,-95,-95,-95,-95,-84,-68,-64,-65,-69,-66,-70,-70,-95,-95,-63,-95,-76,-95,-95,-95,-95,-78,-95,-95,-95,-95,-95,-67,-80,-95,-95,-95,-95,-95,-95,-79
548,-95,-95,-95,-95,-95,-95,-95,-95,-68,-69,-71,-75,-95,-95,-95,-95,-95,-67,-95,-71,-95,-95,-95,-87,-95,-95,-95,-95,-95,-75,-75,-76,-77,-73,-95,-95,-95,-95,-95,-95,-64,-95,-95,-89,-89,-89,-89,-88,-95,-95,-95,-49,-95,-95,-95,-95,-95,-95,-95,-95,-95,-67,-95,-95,-95,-95,-95,-84,-71,-78,-86,-83,-90,-95,-95,-95,-95,-72,-95,-87,-53,-51,-53,-95,-48,-95,-95,-95,-95,-95,-66,-95,-95,-95,-95,-95,-95,-95,-86
285,-95,-95,-95,-95,-95,-95,-95,-95,-72,-90,-64,-68,-95,-95,-95,-95,-95,-64,-70,-69,-67,-60,-60,-75,-95,-95,-95,-95,-95,-78,-69,-87,-73,-72,-95,-95,-95,-95,-95,-95,-60,-95,-59,-95,-95,-74,-95,-95,-68,-68,-68,-70,-95,-68,-95,-95,-95,-95,-95,-95,-95,-76,-95,-95,-95,-95,-95,-67,-82,-67,-62,-67,-66,-95,-95,-95,-95,-63,-95,-76,-47,-50,-47,-47,-50,-95,-95,-95,-95,-95,-63,-64,-95,-95,-95,-95,-95,-95,-79
349,-95,-95,-95,-95,-95,-95,-95,-91,-74,-95,-95,-95,-82,-82,-82,-82,-83,-34,-95,-60,-95,-95,-95,-61,-95,-95,-95,-95,-95,-90,-64,-64,-85,-63,-95,-95,-70,-69,-66,-68,-69,-95,-61,-75,-72,-72,-72,-71,-70,-70,-68,-70,-95,-74,-95,-95,-95,-95,-95,-95,-95,-95,-95,-95,-95,-95,-95,-71,-70,-76,-70,-70,-95,-48,-46,-46,-51,-52,-95,-83,-95,-95,-95,-95,-52,-95,-95,-95,-95,-95,-62,-60,-95,-95,-95,-95,-95,-86,-90
816,-78,-95,-95,-95,-95,-95,-75,-86,-95,-95,-95,-95,-85,-85,-82,-82,-82,-88,-95,-95,-95,-95,-95,-95,-64,-64,-81,-60,-67,-71,-71,-71,-71,-71,-95,-87,-95,-95,-95,-95,-95,-95,-95,-95,-95,-90,-95,-95,-75,-95,-95,-95,-95,-95,-91,-95,-95,-95,-95,-95,-95,-95,-82,-83,-83,-41,-80,-74,-74,-69,-77,-74,-95,-95,-95,-95,-95,-95,-51,-95,-95,-95,-95,-95,-95,-45,-95,-95,-95,-95,-95,-95,-95,-95,-95,-95,-95,-95,-95
408,-95,-95,-95,-95,-95,-95,-95,-95,-75,-72,-72,-74,-95,-95,-89,-95,-89,-87,-79,-79,-84,-78,-81,-77,-95,-95,-95,-95,-95,-87,-88,-87,-87,-87,-95,-95,-95,-95,-73,-68,-72,-95,-67,-95,-95,-95,-95,-95,-95,-95,-95,-60,-95,-95,-95,-95,-95,-95,-95,-95,-95,-75,-95,-95,-95,-95,-95,-87,-89,-87,-86,-87,-72,-95,-95,-95,-95,-84,-95,-95,-95,-95,-95,-95,-58,-95,-95,-95,-95,-95,-66,-61,-95,-95,-95,-95,-95,-84,-95
664,-57,-95,-95,-95,-95,-95,-88,-91,-95,-95,-95,-95,-75,-77,-75,-78,-77,-95,-95,-95,-95,-95,-95,-95,-63,-58,-61,-63,-61,-88,-87,-88,-90,-87,-95,-95,-95,-95,-95,-95,-95,-95,-95,-95,-95,-77,-95,-95,-89,-95,-91,-89,-95,-89,-89,-95,-95,-95,-95,-95,-95,-95,-95,-95,-95,-46,-95,-82,-83,-82,-88,-80,-76,-95,-95,-95,-95,-95,-76,-95,-66,-66,-66,-66,-70,-52,-95,-95,-95,-95,-95,-95,-95,-95,-95,-95,-95,-92,-95
522,-95,-95,-95,-95,-95,-95,-95,-95,-66,-61,-66,-61,-78,-95,-95,-95,-95,-61,-67,-71,-64,-64,-66,-86,-95,-95,-95,-95,-95,-78,-78,-77,-79,-77,-95,-95,-57,-57,-60,-59,-45,-95,-63,-78,-85,-95,-78,-81,-95,-95,-95,-58,-95,-95,-95,-95,-95,-95,-95,-95,-95,-68,-95,-88,-95,-95,-95,-78,-74,-75,-95,-79,-73,-95,-95,-95,-95,-57,-95,-87,-95,-95,-95,-95,-56,-95,-95,-95,-95,-95,-63,-60,-95,-95,-95,-95,-95,-81,-72
716,-87,-95,-95,-95,-95,-95,-65,-75,-95,-95,-95,-95,-86,-85,-85,-84,-87,-95,-95,-95,-95,-95,-95,-95,-95,-95,-95,-67,-95,-81,-76,-74,-79,-77,-95,-84,-95,-95,-95,-95,-95,-90,-95,-95,-95,-95,-95,-95,-95,-95,-95,-82,-95,-95,-72,-95,-95,-95,-95,-95,-95,-95,-80,-82,-83,-84,-81,-90,-66,-64,-66,-65,-95,-95,-95,-95,-95,-95,-44,-95,-95,-95,-95,-95,-95,-56,-95,-95,-95,-95,-95,-95,-95,-95,-95,-95,-95,-95,-95
758,-86,-95,-95,-95,-95,-95,-32,-89,-95,-95,-95,-95,-95,-95,-95,-95,-95,-95,-95,-95,-95,-95,-95,-95,-87,-95,-95,-88,-95,-89,-88,-87,-90,-89,-95,-55,-95,-95,-95,-95,-95,-87,-95,-95,-95,-95,-95,-95,-95,-95,-95,-88,-95,-95,-84,-95,-95,-95,-95,-95,-95,-95,-95,-95,-95,-88,-95,-87,-88,-89,-88,-89,-95,-95,-95,-95,-95,-95,-57,-95,-95,-95,-95,-95,-95,-70,-95,-95,-95,-95,-95,-95,-95,-95,-95,-95,-95,-95,-95
677,-49,-95,-95,-95,-95,-95,-85,-82,-95,-95,-95,-95,-95,-73,-95,-95,-95,-95,-95,-95,-95,-95,-95,-95,-47,-47,-47,-50,-48,-74,-73,-74,-77,-75,-95,-95,-95,-95,-95,-95,-95,-95,-95,-84,-84,-86,-84,-84,-86,-84,-84,-87,-95,-86,-89,-95,-95,-95,-95,-95,-95,-95,-60,-61,-60,-62,-60,-84,-75,-79,-84,-73,-89,-95,-95,-95,-95,-95,-64,-95,-95,-76,-76,-95,-80,-89,-90,-95,-89,-95,-95,-95,-95,-95,-95,-95,-95,-95,-95
713,-87,-95,-95,-95,-95,-95,-72,-88,-95,-95,-95,-95,-87,-86,-87,-87,-87,-95,-95,-95,-95,-95,-95,-95,-95,-95,-95,-65,-95,-81,-80,-79,-73,-77,-95,-81,-95,-95,-95,-95,-95,-90,-95,-95,-95,-95,-95,-95,-95,-95,-95,-95,-95,-95,-92,-95,-95,-95,-95,-95,-95,-95,-80,-82,-83,-68,-81,-65,-68,-65,-67,-64,-95,-95,-95,-95,-95,-95,-32,-95,-95,-95,-95,-95,-95,-62,-95,-95,-95,-95,-95,-95,-95,-95,-95,-95,-95,-95,-95
673,-60,-95,-95,-95,-95,-95,-85,-83,-95,-95,-95,-95,-95,-73,-95,-95,-95,-95,-95,-95,-95,-95,-95,-95,-57,-64,-64,-44,-65,-83,-83,-83,-83,-81,-95,-95,-95,-95,-95,-95,-95,-95,-95,-95,-87,-84,-86,-86,-86,-84,-84,-87,-95,-86,-89,-95,-95,-95,-95,-95,-95,-95,-60,-61,-60,-87,-60,-84,-84,-81,-84,-80,-77,-95,-95,-95,-95,-95,-64,-95,-95,-76,-76,-95,-95,-39,-90,-95,-89,-95,-95,-95,-95,-95,-95,-95,-95,-95,-95
120,-93,-95,-95,-95,-95,-95,-49,-89,-95,-95,-95,-95,-95,-95,-95,-95,-95,-95,-95,-95,-95,-95,-95,-95,-80,-95,-95,-95,-95,-82,-82,-82,-95,-81,-92,-70,-95,-95,-95,-95,-95,-95,-95,-95,-95,-95,-95,-95,-95,-95,-95,-95,-95,-95,-88,-95,-95,-95,-95,-95,-95,-95,-92,-91,-95,-78,-91,-82,-85,-84,-82,-83,-95,-95,-95,-95,-95,-95,-56,-95,-95,-95,-95,-95,-95,-69,-77,-75,-74,-74,-95,-95,-95,-95,-95,-95,-86,-95,-95
651,-49,-95,-95,-95,-95,-95,-95,-90,-95,-95,-95,-95,-82,-82,-83,-82,-81,-95,-95,-95,-95,-95,-95,-95,-92,-93,-71,-66,-66,-89,-95,-95,-95,-95,-88,-95,-88,-84,-86,-88,-95,-95,-95,-95,-95,-84,-95,-91,-95,-95,-95,-95,-95,-95,-87,-95,-95,-95,-95,-95,-95,-95,-95,-95,-95,-60,-95,-91,-91,-91,-90,-90,-74,-95,-95,-95,-95,-95,-77,-95,-59,-60,-60,-59,-63,-61,-95,-95,-95,-95,-95,-95,-95,-95,-95,-95,-95,-91,-95
124,-95,-88,-86,-88,-87,-82,-52,-85,-95,-95,-95,-95,-88,-89,-87,-88,-89,-95,-95,-95,-95,-95,-95,-95,-89,-90,-95,-95,-95,-87,-86,-87,-95,-87,-95,-71,-95,-95,-95,-95,-95,-95,-95,-95,-95,-95,-95,-95,-95,-95,-95,-95,-95,-95,-88,-95,-95,-95,-95,-95,-86,-95,-80,-95,-95,-79,-95,-82,-85,-82,-82,-83,-95,-95,-95,-95,-95,-95,-82,-95,-95,-95,-95,-95,-95,-66,-95,-95,-95,-95,-95,-95,-95,-95,-95,-95,-86,-95,-95
264,-73,-95,-95,-95,-95,-95,-95,-95,-79,-89,-88,-89,-95,-95,-89,-88,-89,-80,-77,-76,-78,-75,-75,-82,-95,-95,-95,-95,-95,-95,-86,-84,-78,-95,-95,-95,-95,-95,-95,-95,-57,-95,-73,-80,-80,-71,-80,-80,-67,-66,-70,-64,-95,-67,-95,-95,-95,-95,-95,-95,-95,-95,-95,-95,-95,-95,-95,-95,-84,-82,-84,-89,-53,-70,-70,-72,-73,-73,-95,-95,-45,-45,-45,-45,-47,-95,-95,-95,-95,-95,-75,-73,-95,-95,-95,-95,-95,-95,-95
606,-73,-95,-95,-95,-95,-95,-95,-95,-83,-84,-82,-85,-87,-95,-88,-95,-88,-79,-76,-83,-78,-78,-78,-86,-95,-95,-95,-95,-95,-95,-95,-95,-66,-94,-95,-95,-71,-73,-74,-74,-72,-95,-75,-95,-95,-88,-95,-95,-69,-64,-69,-67,-95,-65,-95,-95,-95,-95,-95,-95,-95,-88,-74,-75,-72,-95,-74,-82,-82,-73,-81,-83,-61,-95,-95,-95,-95,-76,-95,-88,-40,-40,-40,-40,-39,-95,-95,-95,-95,-95,-76,-75,-95,-95,-95,-95,-95,-95,-95
268,-73,-95,-95,-95,-95,-95,-95,-95,-80,-79,-77,-79,-95,-95,-89,-88,-89,-77,-77,-76,-78,-75,-75,-76,-95,-95,-95,-95,-95,-85,-86,-84,-78,-95,-95,-95,-95,-95,-95,-95,-66,-95,-73,-80,-80,-71,-80,-80,-67,-66,-70,-61,-95,-67,-95,-95,-95,-95,-95,-95,-95,-76,-95,-95,-95,-95,-95,-80,-81,-80,-77,-89,-55,-70,-70,-72,-73,-73,-95,-82,-45,-45,-45,-45,-69,-95,-95,-95,-95,-95,-76,-73,-95,-95,-95,-95,-95,-95,-95
423,-88,-95,-95,-95,-95,-95,-95,-95,-82,-81,-79,-77,-95,-95,-95,-95,-95,-72,-67,-73,-67,-67,-65,-89,-95,-95,-95,-95,-95,-74,-74,-83,-71,-83,-95,-95,-95,-95,-95,-95,-72,-95,-68,-89,-89,-88,-89,-89,-95,-95,-95,-60,-95,-95,-95,-95,-95,-95,-95,-95,-95,-75,-95,-95,-95,-95,-95,-88,-95,-60,-87,-95,-61,-95,-95,-95,-95,-72,-95,-89,-95,-95,-95,-95,-43,-95,-95,-95,-95,-95,-69,-68,-95,-95,-95,-95,-95,-95,-72
59,-84,-95,-95,-95,-95,-95,-75,-88,-95,-95,-95,-95,-95,-95,-95,-95,-95,-95,-95,-95,-95,-95,-95,-95,-65,-66,-66,-90,-65,-81,-74,-81,-82,-75,-95,-83,-95,-95,-95,-95,-95,-95,-95,-95,-95,-95,-95,-95,-86,-87,-86,-87,-95,-84,-95,-95,-95,-95,-95,-95,-95,-95,-86,-84,-82,-42,-82,-95,-80,-74,-95,-95,-83,-95,-95,-95,-95,-95,-53,-95,-95,-95,-95,-95,-95,-47,-95,-95,-46,-48,-95,-95,-95,-95,-95,-95,-95,-91,-95
55,-75,-95,-95,-95,-95,-95,-75,-79,-95,-95,-95,-95,-95,-95,-95,-95,-95,-95,-95,-95,-95,-95,-95,-95,-65,-62,-66,-66,-62,-74,-74,-74,-73,-75,-95,-95,-95,-95,-95,-95,-95,-95,-95,-95,-95,-95,-95,-95,-86,-87,-86,-87,-95,-84,-95,-95,-95,-95,-95,-95,-95,-95,-86,-84,-82,-41,-82,-70,-74,-73,-95,-95,-83,-95,-95,-95,-95,-95,-56,-95,-95,-95,-95,-95,-95,-45,-95,-95,-46,-48,-95,-95,-95,-95,-95,-95,-95,-91,-95
619,-70,-95,-95,-95,-95,-95,-95,-95,-90,-95,-95,-95,-95,-95,-95,-95,-95,-95,-95,-89,-95,-95,-95,-95,-88,-95,-95,-88,-95,-95,-95,-95,-75,-95,-95,-95,-76,-75,-75,-77,-77,-95,-83,-95,-95,-71,-95,-95,-88,-70,-95,-80,-95,-87,-95,-95,-95,-95,-95,-95,-95,-95,-95,-95,-95,-81,-95,-89,-86,-83,-86,-87,-42,-87,-87,-87,-86,-88,-95,-95,-95,-95,-95,-95,-43,-89,-95,-95,-88,-90,-86,-87,-95,-95,-95,-95,-95,-87,-95
52,-87,-95,-95,-95,-95,-95,-75,-76,-95,-95,-95,-95,-95,-95,-95,-95,-95,-95,-95,-95,-95,-95,-95,-95,-54,-54,-54,-58,-53,-71,-86,-86,-72,-71,-95,-95,-95,-95,-95,-95,-95,-95,-95,-95,-95,-95,-95,-95,-86,-87,-86,-87,-95,-84,-95,-95,-95,-95,-95,-95,-95,-95,-86,-84,-82,-53,-82,-70,-74,-62,-95,-95,-83,-95,-95,-95,-95,-95,-60,-95,-95,-95,-95,-95,-95,-43,-95,-95,-46,-48,-95,-95,-95,-95,-95,-95,-95,-91,-95
534,-88,-95,-95,-95,-95,-95,-95,-95,-62,-64,-62,-78,-78,-95,-95,-95,-95,-66,-67,-73,-64,-64,-66,-78,-95,-95,-95,-95,-95,-73,-72,-74,-72,-74,-95,-95,-79,-95,-34,-34,-56,-95,-63,-95,-95,-95,-95,-95,-95,-95,-95,-64,-95,-95,-95,-95,-95,-95,-95,-95,-95,-65,-88,-87,-88,-95,-88,-72,-72,-75,-70,-72,-68,-64,-64,-64,-65,-66,-95,-88,-54,-54,-54,-51,-51,-95,-95,-95,-95,-95,-58,-58,-95,-95,-95,-95,-95,-95,-87
413,-95,-95,-95,-95,-95,-95,-95,-95,-88,-88,-87,-74,-95,-95,-95,-95,-95,-85,-76,-74,-73,-73,-76,-79,-95,-95,-95,-95,-95,-87,-88,-87,-81,-87,-95,-95,-95,-95,-73,-68,-66,-95,-67,-89,-95,-90,-95,-95,-95,-95,-95,-49,-95,-95,-95,-95,-95,-95,-95,-95,-95,-87,-95,-95,-95,-95,-95,-88,-89,-82,-87,-87,-72,-95,-95,-95,-95,-74,-95,-95,-95,-95,-95,-95,-53,-95,-95,-95,-95,-95,-65,-61,-95,-95,-95,-95,-95,-84,-87
296,-95,-95,-95,-95,-95,-95,-95,-88,-75,-72,-72,-72,-95,-95,-95,-95,-95,-60,-71,-64,-68,-68,-70,-79,-90,-95,-95,-91,-95,-65,-65,-61,-63,-65,-95,-95,-67,-95,-66,-64,-65,-95,-60,-95,-95,-95,-95,-95,-68,-68,-84,-69,-95,-70,-95,-95,-95,-95,-95,-95,-95,-72,-95,-95,-95,-95,-95,-65,-92,-64,-91,-65,-95,-58,-69,-69,-67,-67,-95,-82,-58,-55,-59,-58,-60,-95,-95,-95,-95,-95,-65,-60,-95,-95,-95,-95,-95,-87,-68
373,-95,-95,-95,-95,-95,-95,-95,-95,-56,-57,-57,-57,-95,-95,-95,-95,-95,-72,-95,-70,-95,-95,-95,-68,-95,-95,-95,-95,-95,-84,-82,-84,-88,-95,-95,-95,-71,-95,-95,-95,-53,-95,-95,-89,-88,-88,-95,-88,-72,-73,-73,-76,-95,-75,-95,-95,-95,-95,-95,-95,-95,-59,-95,-95,-95,-89,-95,-90,-86,-86,-81,-90,-95,-95,-95,-95,-95,-74,-95,-88,-52,-52,-52,-54,-52,-95,-95,-95,-95,-95,-57,-92,-95,-95,-95,-95,-95,-95,-88
826,-80,-95,-95,-95,-95,-95,-76,-72,-95,-95,-95,-95,-87,-87,-86,-87,-87,-86,-95,-95,-95,-95,-95,-95,-95,-95,-95,-49,-95,-62,-61,-61,-64,-62,-95,-88,-95,-95,-95,-95,-95,-95,-95,-95,-95,-95,-95,-95,-95,-95,-95,-70,-95,-95,-86,-95,-95,-95,-95,-95,-95,-95,-95,-95,-95,-55,-95,-69,-90,-65,-95,-92,-92,-95,-95,-95,-95,-95,-67,-95,-95,-95,-95,-95,-95,-52,-95,-95,-95,-95,-95,-95,-95,-95,-95,-95,-95,-95,-95
598,-80,-95,-95,-95,-95,-95,-95,-95,-79,-85,-82,-85,-87,-95,-88,-88,-88,-71,-76,-83,-78,-78,-78,-91,-95,-95,-95,-95,-95,-95,-95,-95,-70,-95,-95,-95,-95,-95,-95,-95,-72,-95,-95,-78,-78,-86,-78,-79,-63,-61,-62,-62,-95,-63,-95,-95,-95,-95,-95,-95,-95,-88,-88,-81,-80,-95,-78,-84,-81,-80,-84,-83,-60,-67,-64,-64,-66,-76,-95,-88,-40,-38,-40,-40,-40,-89,-95,-90,-88,-89,-80,-95,-95,-95,-95,-95,-95,-95,-81
293,-95,-95,-95,-95,-95,-95,-95,-88,-77,-76,-76,-77,-95,-95,-95,-95,-95,-59,-71,-57,-68,-68,-70,-65,-95,-95,-95,-91,-95,-87,-68,-68,-67,-72,-95,-95,-95,-95,-95,-95,-65,-95,-69,-95,-95,-95,-95,-95,-68,-68,-84,-70,-95,-70,-95,-95,-95,-95,-95,-95,-95,-77,-95,-95,-95,-95,-95,-65,-62,-89,-63,-64,-95,-58,-69,-69,-67,-59,-95,-85,-58,-55,-59,-58,-58,-95,-95,-95,-95,-95,-73,-69,-95,-95,-95,-95,-95,-87,-68
377,-95,-95,-95,-95,-95,-95,-95,-95,-76,-74,-75,-77,-86,-86,-86,-86,-86,-73,-69,-71,-69,-69,-69,-80,-95,-95,-95,-95,-95,-87,-82,-89,-81,-95,-95,-95,-71,-95,-95,-95,-62,-95,-95,-89,-88,-88,-95,-88,-72,-73,-73,-61,-95,-75,-95,-95,-95,-95,-95,-95,-95,-76,-95,-95,-95,-89,-95,-71,-86,-73,-71,-89,-66,-69,-69,-95,-95,-71,-95,-88,-52,-52,-52,-54,-89,-95,-95,-95,-95,-95,-55,-92,-95,-95,-95,-95,-95,-95,-88
291,-95,-95,-95,-95,-95,-95,-95,-88,-77,-76,-77,-79,-95,-95,-95,-95,-95,-61,-71,-61,-68,-68,-70,-66,-95,-95,-95,-95,-95,-87,-68,-68,-64,-72,-95,-95,-95,-95,-95,-95,-69,-95,-69,-95,-95,-74,-95,-95,-68,-68,-68,-64,-95,-68,-95,-95,-95,-95,-95,-95,-95,-78,-95,-95,-95,-95,-95,-68,-82,-66,-65,-67,-66,-58,-60,-63,-63,-63,-95,-78,-58,-55,-55,-58,-57,-95,-95,-95,-95,-95,-62,-67,-95,-95,-95,-95,-95,-89,-68
594,-78,-95,-95,-95,-95,-95,-95,-95,-73,-79,-80,-76,-89,-95,-88,-88,-90,-64,-71,-73,-70,-70,-72,-87,-95,-95,-95,-95,-95,-95,-95,-95,-70,-95,-95,-95,-95,-95,-95,-95,-65,-95,-95,-78,-78,-79,-78,-79,-84,-84,-55,-53,-95,-84,-95,-95,-95,-95,-95,-95,-95,-86,-95,-86,-95,-95,-79,-67,-78,-70,-67,-77,-61,-67,-64,-64,-66,-70,-95,-86,-40,-40,-35,-40,-39,-89,-95,-90,-88,-89,-64,-95,-95,-95,-95,-95,-95,-95,-81
194,-68,-95,-95,-95,-95,-95,-81,-89,-95,-95,-95,-95,-71,-73,-71,-71,-69,-95,-95,-95,-95,-95,-95,-95,-50,-48,-53,-45,-50,-80,-81,-80,-81,-78,-95,-90,-95,-95,-95,-95,-95,-95,-95,-95,-95,-79,-95,-95,-95,-88,-95,-95,-95,-95,-95,-95,-95,-95,-95,-95,-95,-95,-61,-61,-65,-55,-95,-71,-71,-75,-70,-70,-68,-95,-95,-95,-95,-95,-67,-95,-83,-83,-79,-81,-83,-52,-95,-95,-95,-95,-95,-95,-95,-95,-95,-95,-95,-95,-95
197,-54,-95,-95,-95,-95,-95,-81,-79,-95,-95,-95,-95,-71,-70,-71,-71,-69,-95,-95,-95,-95,-95,-95,-95,-49,-46,-48,-49,-48,-80,-83,-80,-81,-78,-95,-90,-95,-95,-95,-95,-95,-95,-95,-95,-95,-75,-95,-95,-95,-88,-95,-95,-95,-95,-95,-95,-95,-95,-95,-95,-95,-95,-61,-61,-65,-52,-95,-71,-89,-88,-70,-70,-78,-95,-95,-95,-95,-95,-67,-95,-83,-83,-79,-81,-83,-52,-95,-95,-95,-95,-95,-95,-95,-95,-95,-95,-95,-95,-95
317,-95,-95,-95,-95,-95,-95,-95,-89,-82,-80,-80,-93,-95,-95,-95,-95,-95,-66,-66,-64,-64,-64,-66,-60,-95,-95,-95,-95,-95,-58,-58,-58,-58,-60,-95,-95,-77,-80,-77,-78,-80,-95,-79,-61,-61,-62,-61,-61,-63,-65,-95,-67,-95,-65,-95,-95,-95,-95,-95,-95,-95,-80,-95,-95,-95,-95,-95,-84,-87,-63,-60,-90,-82,-69,-66,-69,-67,-68,-95,-95,-66,-66,-64,-63,-68,-95,-95,-95,-95,-95,-74,-75,-95,-95,-95,-95,-95,-95,-66
190,-95,-95,-95,-95,-95,-95,-87,-75,-95,-95,-95,-95,-95,-65,-95,-95,-81,-95,-95,-95,-95,-95,-95,-95,-40,-39,-41,-42,-14,-79,-82,-79,-79,-90,-95,-90,-95,-95,-95,-95,-95,-95,-95,-95,-95,-79,-95,-95,-95,-88,-95,-95,-95,-95,-95,-95,-95,-95,-95,-95,-95,-95,-61,-61,-65,-53,-95,-91,-85,-68,-57,-62,-84,-95,-95,-95,-95,-95,-61,-95,-83,-83,-79,-81,-83,-47,-53,-51,-51,-51,-95,-95,-95,-95,-95,-95,-95,-95,-95
702,-83,-95,-95,-95,-95,-95,-72,-81,-95,-95,-95,-95,-82,-83,-82,-82,-84,-95,-95,-95,-95,-95,-95,-95,-52,-52,-52,-59,-50,-80,-81,-82,-80,-70,-95,-84,-95,-95,-95,-95,-95,-95,-95,-89,-89,-90,-89,-87,-95,-95,-95,-95,-95,-95,-78,-95,-95,-95,-95,-95,-95,-95,-95,-95,-95,-51,-95,-74,-77,-74,-76,-76,-95,-95,-95,-95,-95,-95,-55,-95,-95,-95,-95,-95,-95,-44,-95,-95,-95,-95,-95,-95,-95,-95,-95,-95,-95,-95,-95
272,-95,-95,-95,-95,-95,-95,-95,-95,-72,-85,-85,-88,-95,-95,-89,-88,-89,-70,-77,-76,-78,-75,-75,-84,-95,-95,-95,-95,-95,-86,-95,-95,-95,-95,-95,-95,-95,-95,-95,-95,-61,-95,-78,-95,-95,-95,-95,-83,-95,-95,-95,-58,-95,-95,-95,-95,-95,-95,-95,-95,-95,-76,-95,-95,-95,-95,-95,-84,-75,-81,-83,-83,-55,-70,-70,-72,-73,-68,-95,-82,-45,-45,-45,-45,-69,-95,-95,-95,-95,-95,-69,-80,-95,-95,-95,-95,-95,-95,-95
116,-93,-95,-95,-95,-95,-95,-47,-86,-95,-95,-95,-95,-95,-95,-95,-95,-95,-95,-95,-95,-95,-95,-95,-95,-95,-95,-95,-95,-95,-95,-95,-95,-95,-95,-92,-67,-95,-95,-95,-95,-95,-95,-95,-95,-95,-95,-95,-95,-95,-95,-95,-95,-95,-95,-88,-95,-95,-95,-95,-95,-95,-95,-92,-91,-95,-81,-91,-95,-95,-86,-95,-95,-95,-95,-95,-95,-95,-95,-87,-95,-95,-95,-95,-95,-95,-72,-77,-75,-74,-74,-95,-95,-95,-95,-95,-95,-95,-95,-95
113,-93,-95,-95,-95,-95,-95,-37,-87,-95,-95,-95,-95,-95,-95,-95,-95,-95,-95,-95,-95,-95,-95,-95,-95,-95,-95,-91,-95,-95,-95,-95,-95,-95,-95,-92,-58,-95,-95,-95,-95,-95,-95,-95,-95,-95,-95,-95,-95,-95,-95,-95,-95,-95,-95,-86,-95,-95,-95,-95,-95,-95,-95,-92,-91,-95,-85,-91,-95,-95,-80,-95,-95,-95,-95,-95,-95,-95,-95,-65,-95,-95,-95,-95,-95,-95,-75,-77,-75,-74,-74,-95,-95,-95,-95,-95,-95,-95,-95,-95
277,-95,-95,-95,-95,-95,-95,-95,-95,-72,-85,-85,-88,-95,-95,-95,-95,-95,-68,-95,-70,-95,-95,-95,-79,-95,-95,-95,-95,-95,-75,-74,-75,-95,-75,-95,-95,-95,-95,-95,-95,-65,-95,-78,-95,-95,-95,-95,-83,-95,-95,-95,-58,-95,-95,-95,-95,-95,-95,-95,-95,-95,-76,-95,-95,-95,-95,-95,-84,-74,-72,-75,-83,-55,-70,-70,-95,-95,-67,-95,-86,-95,-95,-95,-95,-53,-95,-95,-95,-95,-95,-69,-80,-95,-95,-95,-95,-95,-95,-74
80,-87,-95,-95,-95,-95,-95,-66,-84,-95,-95,-95,-95,-80,-78,-78,-82,-82,-84,-95,-95,-95,-95,-95,-95,-69,-65,-78,-69,-67,-78,-79,-79,-80,-79,-95,-73,-95,-95,-95,-95,-95,-95,-95,-95,-95,-95,-95,-95,-81,-78,-80,-77,-95,-78,-68,-95,-95,-95,-95,-95,-95,-95,-95,-95,-95,-80,-95,-69,-72,-72,-72,-74,-95,-95,-95,-95,-95,-95,-52,-95,-95,-95,-95,-95,-95,-64,-95,-95,-95,-95,-95,-95,-95,-95,-95,-95,-95,-95,-95
84,-87,-92,-95,-95,-95,-95,-64,-80,-95,-95,-95,-95,-78,-81,-81,-78,-78,-87,-95,-95,-95,-95,-95,-95,-77,-79,-95,-82,-80,-78,-87,-88,-82,-87,-95,-79,-95,-95,-95,-95,-95,-95,-95,-95,-95,-95,-95,-95,-84,-82,-82,-80,-95,-84,-66,-95,-95,-95,-95,-95,-95,-95,-95,-95,-95,-75,-95,-69,-86,-72,-83,-80,-95,-95,-95,-95,-95,-95,-87,-95,-95,-95,-95,-95,-95,-58,-95,-95,-95,-95,-95,-95,-90,-89,-88,-95,-95,-95,-95
833,-81,-95,-95,-95,-95,-95,-79,-88,-95,-95,-95,-95,-77,-77,-79,-77,-78,-86,-95,-95,-95,-95,-95,-95,-95,-95,-95,-41,-95,-61,-61,-61,-63,-62,-95,-84,-95,-95,-95,-95,-95,-95,-95,-86,-78,-82,-82,-86,-95,-95,-95,-95,-95,-95,-86,-95,-95,-95,-95,-95,-95,-95,-95,-95,-95,-60,-95,-69,-67,-73,-67,-68,-95,-95,-95,-95,-95,-95,-64,-95,-95,-95,-95,-95,-95,-60,-95,-95,-95,-95,-95,-95,-95,-95,-95,-95,-95,-95,-95
830,-80,-95,-95,-95,-95,-95,-78,-79,-95,-95,-95,-95,-87,-87,-86,-87,-87,-86,-95,-95,-95,-95,-95,-95,-95,-95,-95,-45,-95,-63,-62,-61,-62,-64,-95,-86,-95,-95,-95,-95,-95,-95,-95,-84,-84,-84,-86,-84,-95,-95,-95,-70,-95,-95,-86,-95,-95,-95,-95,-95,-95,-95,-95,-95,-95,-63,-95,-89,-88,-89,-88,-88,-92,-95,-95,-95,-95,-95,-56,-95,-95,-95,-95,-95,-95,-58,-95,-95,-95,-95,-95,-95,-95,-95,-95,-95,-95,-95,-95
794,-88,-95,-95,-95,-95,-95,-67,-72,-95,-95,-95,-95,-79,-77,-78,-80,-78,-95,-95,-95,-95,-95,-95,-95,-74,-74,-74,-62,-74,-79,-74,-79,-79,-76,-95,-80,-95,-95,-95,-95,-95,-95,-95,-95,-95,-95,-95,-95,-95,-76,-77,-74,-95,-76,-59,-95,-95,-95,-95,-95,-95,-95,-95,-95,-95,-72,-95,-84,-85,-73,-68,-64,-95,-95,-95,-95,-95,-95,-52,-95,-95,-95,-95,-95,-95,-62,-95,-95,-95,-95,-95,-95,-91,-91,-91,-95,-95,-95,-95
837,-74,-95,-95,-95,-95,-95,-80,-83,-95,-95,-95,-95,-69,-70,-79,-77,-78,-95,-95,-95,-95,-95,-95,-95,-95,-95,-95,-39,-95,-61,-61,-61,-69,-62,-95,-87,-95,-95,-95,-95,-95,-95,-95,-81,-81,-82,-80,-82,-95,-95,-95,-95,-95,-95,-86,-95,-95,-95,-95,-95,-95,-95,-95,-95,-95,-70,-95,-65,-65,-63,-64,-61,-95,-95,-95,-95,-95,-95,-64,-95,-95,-95,-95,-95,-95,-47,-95,-95,-95,-95,-95,-95,-95,-95,-95,-95,-95,-95,-95
790,-88,-91,-92,-91,-91,-91,-67,-79,-95,-95,-95,-95,-79,-77,-78,-80,-78,-95,-95,-95,-95,-95,-95,-95,-74,-74,-74,-71,-74,-80,-80,-80,-80,-78,-95,-79,-95,-95,-95,-95,-95,-95,-95,-95,-95,-95,-95,-95,-95,-95,-95,-80,-95,-95,-71,-95,-95,-95,-95,-95,-95,-95,-95,-95,-95,-73,-95,-75,-76,-77,-78,-77,-95,-95,-95,-95,-95,-95,-52,-95,-95,-95,-95,-95,-95,-47,-95,-95,-95,-95,-95,-95,-91,-91,-91,-95,-95,-95,-95
798,-88,-95,-95,-95,-95,-95,-71,-74,-95,-95,-95,-95,-74,-75,-74,-74,-74,-95,-95,-95,-95,-95,-95,-95,-95,-85,-82,-73,-82,-70,-71,-71,-74,-73,-95,-82,-95,-95,-95,-95,-95,-95,-95,-95,-95,-95,-95,-95,-78,-76,-77,-74,-95,-82,-64,-95,-95,-95,-95,-95,-95,-95,-95,-95,-95,-71,-95,-74,-73,-87,-68,-76,-95,-95,-95,-95,-95,-95,-53,-95,-95,-95,-95,-95,-95,-58,-95,-95,-95,-95,-95,-95,-91,-91,-91,-95,-95,-95,-95
443,-88,-95,-95,-95,-95,-95,-95,-95,-75,-74,-71,-72,-86,-86,-87,-86,-86,-69,-95,-66,-95,-95,-95,-80,-95,-95,-95,-95,-95,-84,-95,-75,-75,-95,-95,-95,-63,-63,-63,-63,-64,-95,-63,-95,-95,-95,-95,-95,-64,-64,-63,-61,-95,-64,-95,-95,-95,-95,-95,-95,-95,-72,-95,-95,-95,-95,-95,-71,-68,-67,-68,-68,-62,-95,-95,-95,-95,-65,-95,-82,-43,-46,-95,-95,-43,-95,-95,-95,-95,-95,-62,-63,-95,-95,-95,-95,-95,-88,-83
3,-32,-95,-95,-95,-95,-95,-88,-95,-95,-95,-95,-95,-86,-95,-84,-86,-84,-95,-95,-95,-95,-95,-95,-95,-88,-86,-95,-88,-89,-95,-95,-95,-95,-95,-95,-95,-95,-95,-95,-95,-95,-95,-95,-95,-95,-95,-95,-95,-95,-86,-95,-86,-95,-84,-95,-95,-95,-95,-95,-95,-95,-95,-95,-95,-95,-77,-95,-95,-95,-95,-95,-95,-78,-95,-95,-95,-95,-95,-84,-95,-71,-72,-73,-95,-74,-95,-95,-95,-95,-95,-95,-95,-95,-95,-95,-95,-95,-95,-95
520,-95,-95,-95,-95,-95,-95,-95,-95,-68,-74,-67,-65,-95,-95,-95,-95,-95,-68,-95,-69,-95,-95,-95,-77,-95,-95,-95,-95,-95,-95,-95,-95,-71,-95,-95,-95,-57,-57,-60,-59,-59,-95,-67,-78,-85,-95,-78,-81,-95,-95,-95,-58,-95,-95,-95,-95,-95,-95,-95,-95,-95,-68,-95,-88,-95,-95,-95,-65,-57,-65,-64,-64,-73,-95,-95,-95,-95,-61,-95,-87,-95,-95,-95,-95,-56,-95,-95,-95,-95,-95,-60,-67,-95,-95,-95,-95,-95,-81,-66
368,-95,-95,-95,-95,-95,-95,-95,-95,-63,-62,-63,-63,-95,-95,-95,-95,-95,-71,-95,-70,-95,-95,-95,-88,-95,-95,-95,-95,-95,-84,-86,-84,-88,-95,-95,-95,-71,-52,-55,-95,-47,-95,-66,-89,-88,-88,-95,-88,-63,-64,-62,-69,-95,-64,-95,-95,-95,-95,-95,-95,-95,-63,-95,-95,-95,-95,-95,-82,-78,-78,-81,-80,-95,-51,-51,-51,-50,-68,-95,-88,-53,-53,-53,-53,-50,-95,-95,-95,-95,-95,-50,-92,-95,-95,-95,-95,-95,-95,-75
312,-95,-95,-95,-95,-95,-95,-95,-89,-81,-80,-83,-84,-95,-95,-95,-95,-95,-62,-64,-59,-59,-59,-60,-64,-95,-95,-95,-95,-95,-95,-95,-95,-58,-95,-95,-95,-70,-71,-70,-71,-71,-95,-72,-61,-61,-62,-61,-61,-67,-95,-95,-67,-95,-67,-95,-95,-95,-95,-95,-95,-95,-80,-95,-95,-95,-95,-95,-84,-87,-53,-60,-90,-82,-95,-95,-95,-95,-68,-95,-95,-66,-66,-64,-63,-66,-95,-95,-95,-95,-95,-73,-73,-95,-95,-95,-95,-95,-95,-84
695,-81,-95,-95,-95,-95,-95,-74,-84,-95,-95,-95,-95,-79,-77,-80,-77,-77,-95,-95,-95,-95,-95,-95,-95,-52,-52,-52,-50,-50,-69,-70,-69,-70,-71,-95,-87,-95,-95,-95,-95,-95,-95,-95,-87,-89,-88,-88,-87,-84,-81,-95,-95,-95,-95,-79,-95,-95,-95,-95,-95,-95,-95,-79,-80,-80,-60,-78,-84,-66,-68,-68,-83,-82,-95,-95,-95,-95,-95,-58,-95,-79,-79,-78,-78,-81,-45,-95,-95,-95,-95,-95,-95,-95,-95,-95,-95,-95,-95,-95
364,-95,-95,-95,-95,-95,-95,-95,-95,-78,-79,-65,-71,-95,-95,-95,-95,-95,-72,-95,-68,-95,-95,-95,-64,-95,-95,-95,-95,-95,-77,-80,-79,-78,-79,-95,-95,-52,-52,-55,-57,-53,-95,-66,-95,-95,-95,-95,-87,-66,-65,-62,-68,-95,-64,-95,-95,-95,-95,-95,-95,-95,-68,-95,-95,-95,-95,-95,-75,-73,-75,-84,-74,-95,-51,-51,-51,-50,-63,-95,-87,-58,-58,-58,-57,-57,-95,-95,-95,-95,-95,-60,-65,-95,-95,-95,-95,-95,-95,-87
360,-95,-95,-95,-95,-95,-95,-95,-95,-69,-79,-77,-74,-95,-95,-95,-95,-95,-64,-95,-64,-95,-95,-95,-62,-95,-95,-95,-95,-95,-80,-80,-80,-77,-79,-95,-95,-52,-52,-55,-57,-53,-95,-66,-95,-95,-95,-95,-95,-70,-70,-68,-62,-95,-74,-95,-95,-95,-95,-95,-95,-95,-68,-95,-95,-95,-95,-95,-67,-71,-63,-74,-66,-95,-51,-51,-51,-50,-89,-95,-79,-51,-54,-61,-61,-61,-95,-95,-95,-95,-95,-63,-65,-95,-95,-95,-95,-95,-95,-74
426,-88,-95,-95,-95,-95,-95,-95,-95,-82,-81,-79,-77,-95,-95,-95,-95,-95,-69,-67,-73,-67,-67,-65,-78,-95,-95,-95,-95,-95,-74,-74,-92,-72,-83,-95,-95,-88,-89,-95,-89,-88,-95,-68,-89,-89,-88,-89,-89,-95,-95,-95,-53,-95,-95,-95,-95,-95,-95,-95,-95,-95,-75,-95,-95,-95,-95,-95,-65,-71,-66,-95,-73,-91,-95,-95,-95,-95,-78,-95,-89,-42,-40,-42,-42,-43,-95,-95,-95,-95,-95,-65,-68,-95,-95,-95,-95,-95,-95,-92
308,-95,-95,-95,-95,-95,-95,-95,-86,-81,-80,-80,-79,-95,-88,-95,-95,-95,-58,-95,-63,-95,-95,-95,-70,-95,-95,-95,-95,-95,-95,-95,-95,-53,-95,-95,-95,-87,-74,-75,-76,-67,-95,-79,-95,-95,-95,-95,-95,-95,-95,-95,-68,-95,-95,-95,-95,-95,-95,-95,-95,-95,-80,-95,-95,-95,-95,-95,-84,-87,-47,-60,-87,-95,-63,-63,-63,-65,-65,-95,-69,-95,-95,-95,-95,-67,-95,-95,-95,-95,-95,-75,-76,-95,-95,-95,-95,-95,-89,-67
449,-88,-95,-95,-95,-95,-95,-95,-95,-74,-73,-72,-74,-95,-95,-95,-95,-95,-59,-65,-65,-65,-63,-63,-62,-95,-95,-95,-95,-95,-68,-68,-68,-73,-95,-95,-95,-60,-95,-95,-95,-60,-95,-63,-71,-73,-71,-67,-95,-95,-95,-95,-66,-95,-95,-95,-95,-95,-95,-95,-95,-95,-74,-95,-95,-95,-95,-95,-63,-65,-62,-66,-65,-67,-63,-63,-60,-63,-65,-95,-72,-43,-46,-95,-95,-49,-95,-95,-95,-95,-95,-66,-64,-95,-95,-95,-95,-95,-88,-78
823,-87,-95,-95,-95,-95,-95,-76,-85,-95,-95,-95,-95,-87,-87,-86,-87,-87,-86,-95,-95,-95,-95,-95,-95,-64,-64,-81,-55,-67,-58,-68,-82,-85,-68,-95,-86,-95,-95,-95,-95,-95,-95,-95,-95,-95,-95,-95,-95,-75,-95,-95,-70,-95,-95,-87,-95,-95,-95,-95,-95,-95,-95,-95,-95,-95,-58,-95,-69,-71,-55,-77,-92,-92,-95,-95,-95,-95,-95,-61,-95,-95,-95,-95,-95,-95,-54,-95,-95,-95,-95,-95,-95,-95,-95,-95,-95,-95,-95,-95
300,-95,-95,-95,-95,-95,-95,-95,-88,-75,-72,-72,-72,-95,-88,-95,-95,-95,-65,-71,-61,-68,-68,-70,-73,-90,-95,-95,-91,-95,-65,-65,-61,-66,-65,-95,-95,-68,-65,-64,-67,-66,-95,-71,-95,-95,-95,-95,-95,-68,-68,-84,-69,-95,-70,-95,-95,-95,-95,-95,-95,-95,-72,-95,-95,-95,-95,-95,-65,-63,-67,-64,-93,-95,-63,-63,-63,-65,-65,-95,-69,-58,-55,-59,-58,-62,-95,-95,-95,-95,-95,-69,-71,-95,-95,-95,-95,-95,-89,-76
303,-95,-95,-95,-95,-95,-95,-95,-87,-75,-72,-72,-72,-95,-88,-95,-95,-95,-55,-95,-58,-95,-95,-95,-70,-90,-95,-95,-91,-95,-65,-65,-61,-53,-65,-95,-95,-87,-84,-73,-72,-87,-95,-79,-95,-95,-95,-95,-95,-68,-68,-84,-69,-95,-70,-95,-95,-95,-95,-95,-95,-95,-72,-95,-95,-95,-95,-95,-53,-50,-50,-51,-53,-95,-63,-63,-63,-65,-65,-95,-69,-95,-95,-59,-58,-62,-95,-95,-95,-95,-95,-80,-76,-95,-95,-95,-95,-95,-89,-71
447,-88,-95,-95,-95,-95,-95,-95,-95,-67,-64,-66,-66,-95,-95,-95,-95,-95,-68,-64,-69,-64,-62,-62,-84,-95,-95,-95,-95,-95,-84,-95,-95,-74,-95,-95,-95,-95,-95,-95,-95,-87,-95,-63,-74,-73,-76,-76,-95,-95,-95,-95,-61,-95,-95,-95,-95,-95,-95,-95,-95,-95,-64,-95,-95,-95,-95,-95,-70,-61,-65,-62,-72,-67,-63,-63,-60,-63,-53,-95,-82,-43,-46,-95,-95,-49,-95,-95,-95,-95,-95,-66,-63,-95,-95,-95,-95,-95,-88,-71
742,-81,-83,-78,-78,-80,-83,-46,-87,-95,-95,-95,-95,-89,-90,-91,-90,-89,-95,-95,-95,-95,-95,-95,-95,-95,-95,-95,-77,-95,-83,-82,-82,-82,-82,-90,-86,-95,-95,-95,-95,-95,-95,-95,-95,-95,-95,-95,-95,-87,-87,-88,-86,-95,-87,-76,-95,-95,-95,-95,-95,-95,-95,-95,-95,-95,-75,-95,-78,-77,-90,-77,-77,-95,-95,-95,-95,-95,-95,-49,-95,-95,-95,-95,-95,-95,-61,-95,-95,-95,-95,-95,-95,-95,-91,-90,-88,-90,-95,-95
589,-78,-95,-95,-95,-95,-95,-95,-95,-79,-78,-70,-70,-95,-95,-89,-89,-89,-65,-72,-75,-70,-72,-70,-70,-95,-95,-95,-95,-95,-95,-95,-95,-70,-95,-95,-95,-64,-95,-95,-95,-55,-95,-95,-95,-95,-95,-95,-95,-84,-84,-55,-55,-95,-84,-95,-95,-95,-95,-95,-95,-95,-75,-95,-86,-95,-95,-79,-75,-72,-89,-73,-75,-58,-68,-66,-68,-68,-68,-95,-86,-40,-40,-35,-40,-20,-89,-95,-90,-88,-89,-69,-95,-95,-95,-95,-95,-95,-95,-88
245,-68,-95,-95,-95,-95,-95,-95,-95,-89,-95,-95,-95,-95,-95,-95,-95,-95,-95,-95,-95,-95,-95,-95,-95,-79,-95,-95,-95,-85,-91,-93,-95,-95,-95,-95,-95,-95,-95,-95,-84,-68,-95,-95,-72,-84,-76,-75,-75,-77,-72,-86,-80,-95,-75,-95,-95,-95,-95,-95,-95,-95,-95,-95,-95,-95,-84,-95,-95,-95,-95,-95,-95,-48,-95,-95,-95,-95,-95,-95,-95,-47,-47,-44,-47,-41,-89,-89,-89,-89,-89,-95,-95,-95,-95,-95,-95,-95,-88,-95
381,-95,-95,-95,-95,-95,-95,-95,-95,-67,-81,-63,-63,-83,-87,-83,-82,-84,-73,-69,-68,-66,-69,-69,-85,-95,-95,-95,-95,-95,-86,-88,-89,-88,-87,-95,-95,-95,-95,-95,-95,-66,-95,-95,-95,-95,-88,-95,-95,-72,-73,-73,-61,-95,-75,-95,-95,-95,-95,-95,-95,-95,-63,-95,-95,-95,-89,-95,-82,-81,-66,-85,-82,-66,-73,-73,-73,-70,-75,-95,-87,-52,-52,-52,-54,-48,-95,-95,-95,-95,-95,-49,-95,-95,-95,-95,-95,-95,-95,-88
691,-73,-95,-95,-95,-95,-95,-74,-75,-95,-95,-95,-95,-79,-77,-80,-77,-77,-95,-95,-95,-95,-95,-95,-95,-52,-52,-52,-51,-50,-55,-56,-59,-59,-58,-95,-87,-95,-95,-95,-95,-95,-95,-95,-87,-89,-88,-88,-87,-84,-81,-95,-95,-95,-95,-95,-95,-95,-95,-95,-95,-95,-95,-79,-80,-80,-68,-78,-87,-86,-89,-88,-89,-82,-95,-95,-95,-95,-95,-58,-95,-79,-79,-78,-78,-81,-49,-45,-45,-45,-45,-95,-95,-95,-95,-95,-95,-95,-95,-95
384,-95,-95,-95,-95,-95,-95,-95,-95,-70,-84,-86,-84,-83,-87,-83,-82,-84,-73,-69,-80,-66,-73,-69,-90,-95,-95,-95,-95,-95,-80,-81,-80,-80,-87,-95,-95,-95,-95,-95,-95,-63,-95,-95,-95,-95,-88,-95,-95,-58,-61,-56,-58,-95,-59,-95,-95,-95,-95,-95,-95,-95,-68,-95,-95,-95,-95,-95,-88,-69,-90,-72,-71,-69,-73,-73,-73,-70,-75,-95,-86,-52,-95,-51,-49,-51,-95,-95,-95,-95,-95,-77,-95,-95,-95,-95,-95,-95,-95,-80
242,-72,-95,-95,-95,-95,-95,-95,-95,-89,-95,-95,-95,-95,-95,-95,-95,-95,-95,-95,-95,-95,-95,-95,-95,-79,-95,-95,-95,-85,-95,-95,-95,-95,-95,-95,-95,-95,-95,-95,-84,-75,-95,-95,-95,-95,-78,-95,-95,-69,-70,-70,-69,-95,-70,-95,-95,-95,-95,-95,-95,-95,-95,-95,-95,-95,-76,-95,-95,-95,-95,-95,-95,-45,-95,-95,-95,-95,-95,-95,-95,-47,-47,-44,-47,-43,-89,-89,-89,-89,-89,-89,-95,-95,-95,-95,-95,-95,-88,-95
102,-95,-88,-86,-88,-87,-86,-40,-87,-95,-95,-95,-95,-95,-95,-95,-95,-95,-95,-95,-95,-95,-95,-95,-95,-80,-86,-91,-84,-95,-95,-95,-95,-95,-95,-86,-67,-95,-95,-95,-95,-95,-95,-95,-95,-95,-95,-95,-95,-95,-95,-95,-95,-95,-95,-86,-95,-95,-95,-95,-95,-95,-95,-95,-95,-95,-85,-95,-80,-87,-78,-95,-81,-95,-95,-95,-95,-95,-95,-58,-95,-95,-95,-95,-95,-95,-67,-95,-95,-95,-95,-95,-95,-95,-95,-95,-95,-95,-95,-95
389,-95,-95,-95,-95,-95,-95,-95,-95,-87,-65,-65,-64,-83,-87,-83,-82,-84,-95,-69,-80,-66,-73,-69,-80,-95,-95,-95,-95,-95,-88,-81,-85,-73,-87,-95,-95,-95,-95,-95,-95,-66,-95,-95,-95,-95,-88,-95,-95,-59,-57,-59,-60,-95,-59,-95,-95,-95,-95,-95,-95,-95,-64,-95,-95,-95,-95,-95,-87,-74,-89,-75,-76,-91,-73,-73,-73,-70,-68,-95,-86,-50,-51,-51,-49,-51,-95,-95,-95,-95,-95,-59,-95,-95,-95,-95,-95,-95,-95,-80
615,-71,-95,-95,-95,-95,-95,-95,-95,-90,-95,-95,-95,-95,-95,-95,-95,-95,-95,-95,-89,-95,-95,-95,-95,-88,-95,-95,-88,-95,-95,-95,-95,-75,-95,-95,-95,-78,-81,-95,-82,-76,-95,-83,-95,-95,-71,-95,-95,-95,-95,-95,-71,-95,-95,-95,-95,-95,-95,-95,-95,-95,-95,-95,-95,-95,-82,-95,-86,-82,-83,-86,-87,-44,-87,-87,-87,-86,-88,-95,-95,-95,-95,-95,-95,-42,-89,-95,-95,-88,-90,-80,-82,-95,-95,-95,-95,-95,-95,-95
106,-95,-88,-86,-88,-87,-86,-32,-87,-95,-95,-95,-95,-95,-95,-95,-95,-95,-95,-95,-95,-95,-95,-95,-95,-80,-86,-91,-84,-95,-95,-95,-95,-95,-95,-86,-53,-95,-95,-95,-95,-95,-95,-95,-95,-95,-95,-95,-95,-95,-95,-95,-95,-95,-95,-86,-95,-95,-95,-95,-95,-95,-95,-95,-95,-95,-85,-95,-80,-95,-78,-95,-81,-95,-95,-95,-95,-95,-95,-58,-95,-95,-95,-95,-95,-95,-80,-95,-95,-95,-95,-95,-95,-95,-95,-95,-95,-95,-95,-95
847,-58,-95,-95,-95,-95,-95,-83,-86,-95,-95,-95,-95,-74,-76,-74,-74,-74,-90,-95,-95,-95,-95,-95,-95,-34,-33,-34,-50,-46,-75,-82,-82,-82,-82,-95,-90,-95,-95,-95,-95,-95,-95,-95,-81,-81,-77,-80,-82,-95,-95,-95,-95,-95,-95,-92,-95,-95,-95,-95,-95,-95,-95,-59,-61,-59,-50,-64,-56,-72,-67,-71,-74,-79,-95,-95,-95,-95,-95,-62,-95,-95,-95,-95,-95,-95,-45,-95,-95,-95,-95,-95,-95,-95,-95,-95,-95,-95,-95,-95
786,-88,-91,-92,-91,-91,-91,-61,-88,-95,-95,-95,-95,-78,-76,-80,-78,-78,-95,-95,-95,-95,-95,-95,-95,-74,-74,-74,-69,-74,-74,-72,-72,-72,-89,-95,-84,-95,-95,-95,-95,-95,-95,-95,-95,-95,-95,-95,-95,-95,-95,-95,-95,-95,-95,-64,-95,-95,-95,-95,-95,-87,-95,-73,-71,-73,-68,-77,-79,-72,-77,-78,-79,-95,-95,-95,-95,-95,-95,-58,-95,-95,-95,-95,-95,-95,-52,-95,-95,-95,-95,-95,-95,-91,-91,-95,-95,-95,-95,-95
38,-74,-95,-95,-95,-95,-95,-77,-82,-95,-95,-95,-95,-95,-78,-95,-95,-95,-87,-95,-95,-95,-95,-95,-95,-42,-44,-41,-41,-55,-63,-61,-63,-66,-63,-95,-95,-95,-95,-95,-95,-95,-95,-95,-95,-95,-89,-95,-95,-95,-95,-95,-95,-92,-95,-95,-95,-95,-95,-95,-95,-95,-95,-58,-58,-61,-66,-58,-95,-95,-61,-95,-95,-88,-95,-95,-95,-95,-95,-65,-95,-95,-95,-95,-95,-95,-60,-49,-44,-49,-18,-95,-95,-95,-95,-95,-95,-95,-95,-95
782,-81,-91,-92,-91,-91,-91,-61,-77,-95,-95,-95,-95,-88,-88,-95,-95,-95,-95,-95,-95,-95,-95,-95,-95,-74,-74,-74,-77,-74,-82,-80,-82,-86,-82,-90,-65,-95,-95,-95,-95,-95,-95,-95,-95,-95,-95,-95,-95,-95,-95,-95,-95,-95,-95,-81,-81,-82,-81,-83,-81,-87,-95,-73,-71,-73,-80,-77,-78,-79,-78,-76,-77,-95,-95,-95,-95,-95,-95,-54,-95,-95,-95,-95,-95,-95,-50,-95,-95,-95,-95,-95,-95,-95,-89,-95,-95,-95,-95,-95
840,-63,-95,-95,-95,-95,-95,-80,-76,-95,-95,-95,-95,-69,-70,-79,-77,-78,-90,-95,-95,-95,-95,-95,-95,-34,-33,-34,-32,-34,-75,-73,-75,-75,-75,-95,-87,-95,-95,-95,-95,-95,-95,-95,-81,-81,-74,-80,-82,-95,-95,-95,-95,-95,-95,-95,-95,-95,-95,-95,-95,-95,-95,-95,-95,-95,-61,-95,-65,-102,-63,-64,-66,-85,-95,-95,-95,-95,-95,-65,-95,-95,-95,-95,-95,-95,-47,-95,-95,-95,-95,-95,-95,-95,-95,-95,-95,-95,-95,-95
30,-61,-95,-95,-95,-95,-95,-81,-87,-95,-95,-95,-95,-95,-72,-95,-95,-95,-95,-95,-95,-95,-95,-95,-95,-55,-52,-54,-88,-55,-87,-95,-95,-86,-73,-95,-95,-95,-95,-95,-95,-95,-95,-95,-95,-95,-95,-95,-95,-95,-95,-95,-95,-95,-95,-95,-95,-95,-95,-95,-95,-95,-95,-58,-58,-61,-61,-58,-95,-95,-67,-95,-81,-95,-95,-95,-95,-95,-95,-63,-95,-95,-95,-95,-95,-95,-42,-49,-44,-49,-18,-95,-95,-95,-95,-95,-95,-95,-95,-95
34,-68,-95,-95,-95,-95,-95,-81,-87,-95,-95,-95,-95,-95,-78,-95,-95,-95,-95,-95,-95,-95,-95,-95,-95,-55,-40,-39,-45,-55,-87,-95,-95,-86,-73,-95,-95,-95,-95,-95,-95,-95,-95,-95,-95,-95,-95,-95,-95,-95,-95,-95,-95,-95,-95,-95,-95,-95,-95,-95,-95,-95,-95,-58,-58,-61,-58,-58,-95,-95,-68,-95,-81,-95,-95,-95,-95,-95,-95,-65,-95,-95,-95,-95,-95,-95,-48,-49,-44,-49,-18,-95,-95,-95,-95,-95,-95,-95,-95,-95
640,-48,-95,-95,-95,-95,-95,-95,-95,-95,-95,-89,-91,-82,-82,-83,-82,-81,-95,-95,-95,-95,-95,-95,-95,-82,-87,-87,-80,-76,-95,-95,-95,-95,-95,-88,-95,-79,-89,-87,-90,-86,-95,-95,-95,-95,-84,-95,-95,-82,-95,-95,-78,-95,-95,-95,-95,-95,-95,-95,-95,-95,-95,-95,-95,-95,-67,-95,-95,-89,-91,-89,-95,-51,-95,-95,-95,-95,-95,-90,-95,-48,-48,-47,-48,-36,-71,-95,-95,-95,-95,-81,-95,-95,-95,-95,-95,-95,-83,-95
644,-49,-95,-95,-95,-95,-95,-95,-95,-95,-95,-95,-91,-82,-82,-83,-82,-81,-95,-95,-95,-95,-95,-95,-95,-95,-87,-87,-82,-74,-95,-95,-95,-95,-95,-90,-95,-88,-84,-86,-88,-86,-95,-95,-95,-95,-84,-95,-95,-95,-95,-95,-95,-95,-95,-95,-95,-95,-95,-95,-95,-95,-95,-95,-95,-95,-61,-95,-95,-89,-91,-89,-95,-54,-95,-95,-95,-95,-95,-90,-95,-95,-95,-95,-95,-61,-67,-95,-95,-95,-95,-81,-95,-95,-95,-95,-95,-95,-83,-95
647,-41,-95,-95,-95,-95,-95,-95,-95,-95,-95,-95,-91,-82,-82,-83,-82,-81,-95,-95,-95,-95,-95,-95,-95,-90,-95,-85,-69,-84,-95,-95,-95,-95,-95,-90,-95,-88,-84,-86,-88,-86,-95,-95,-95,-95,-84,-95,-91,-95,-95,-95,-95,-95,-95,-89,-95,-95,-95,-95,-95,-95,-95,-95,-95,-95,-62,-95,-91,-91,-91,-90,-90,-61,-95,-95,-95,-95,-95,-82,-95,-59,-60,-60,-59,-63,-71,-95,-95,-95,-95,-95,-95,-95,-95,-95,-95,-95,-91,-95
160,-95,-95,-95,-95,-95,-95,-71,-79,-95,-95,-95,-95,-86,-87,-86,-81,-86,-84,-95,-95,-95,-95,-95,-95,-72,-72,-70,-74,-66,-74,-75,-74,-75,-72,-95,-83,-95,-95,-95,-95,-95,-95,-95,-95,-90,-95,-95,-91,-88,-74,-95,-79,-95,-72,-55,-95,-95,-95,-95,-95,-95,-95,-78,-76,-90,-57,-78,-71,-71,-64,-74,-69,-95,-95,-95,-95,-95,-95,-50,-95,-95,-95,-95,-95,-95,-49,-95,-95,-95,-95,-95,-95,-95,-95,-95,-95,-95,-95,-95
512,-95,-95,-95,-95,-95,-95,-95,-95,-70,-70,-83,-82,-95,-95,-95,-95,-95,-62,-95,-63,-95,-95,-95,-77,-95,-95,-95,-95,-95,-71,-62,-67,-73,-93,-95,-95,-63,-63,-63,-63,-63,-95,-63,-95,-95,-95,-95,-95,-95,-95,-95,-67,-95,-95,-95,-95,-95,-95,-95,-95,-95,-71,-95,-95,-95,-95,-95,-70,-69,-71,-64,-69,-79,-75,-50,-49,-87,-51,-95,-86,-95,-95,-95,-95,-53,-95,-95,-95,-95,-95,-66,-63,-95,-95,-95,-95,-95,-84,-71
431,-74,-95,-95,-95,-95,-95,-95,-95,-81,-83,-79,-77,-95,-95,-95,-95,-95,-68,-67,-67,-67,-68,-65,-75,-95,-95,-95,-95,-95,-74,-74,-92,-77,-83,-95,-95,-70,-67,-95,-89,-63,-95,-66,-89,-89,-88,-95,-95,-95,-95,-95,-65,-95,-95,-95,-95,-95,-95,-95,-95,-95,-75,-77,-95,-77,-95,-95,-65,-71,-72,-95,-73,-56,-95,-95,-95,-95,-71,-95,-89,-42,-40,-42,-42,-37,-95,-95,-95,-95,-95,-65,-64,-95,-95,-95,-95,-95,-90,-87
622,-56,-95,-95,-95,-95,-95,-95,-95,-90,-95,-95,-95,-95,-95,-95,-95,-95,-95,-95,-95,-95,-95,-95,-95,-88,-95,-95,-82,-88,-95,-95,-95,-95,-95,-95,-95,-76,-75,-75,-77,-77,-95,-83,-95,-95,-77,-95,-95,-88,-70,-95,-80,-95,-87,-95,-95,-95,-95,-95,-95,-95,-95,-95,-95,-95,-77,-95,-89,-86,-83,-86,-87,-53,-87,-87,-87,-86,-88,-95,-95,-95,-95,-95,-95,-43,-86,-95,-95,-88,-90,-86,-87,-95,-95,-95,-95,-95,-87,-95
579,-95,-95,-95,-95,-95,-95,-95,-95,-68,-70,-70,-70,-95,-95,-89,-91,-89,-75,-72,-74,-70,-72,-70,-73,-95,-95,-95,-95,-95,-95,-86,-86,-71,-95,-95,-95,-64,-70,-68,-67,-66,-95,-70,-88,-89,-89,-91,-89,-95,-95,-95,-51,-95,-95,-95,-95,-95,-95,-95,-95,-95,-70,-95,-95,-95,-95,-95,-81,-79,-83,-81,-73,-56,-68,-66,-68,-68,-68,-95,-95,-95,-95,-95,-95,-45,-95,-95,-95,-95,-95,-64,-73,-95,-95,-95,-95,-95,-95,-87
338,-95,-95,-95,-95,-95,-95,-95,-95,-80,-80,-78,-83,-95,-89,-95,-88,-95,-51,-43,-45,-41,-44,-39,-69,-95,-95,-95,-95,-95,-70,-66,-75,-70,-66,-95,-95,-90,-74,-88,-74,-77,-95,-74,-74,-74,-74,-74,-72,-81,-95,-95,-69,-95,-82,-95,-95,-95,-95,-95,-95,-95,-78,-95,-95,-95,-95,-95,-93,-91,-66,-92,-61,-84,-57,-59,-57,-63,-60,-95,-80,-86,-61,-63,-81,-63,-95,-95,-95,-95,-95,-68,-71,-95,-95,-95,-95,-95,-91,-90
334,-95,-95,-95,-95,-95,-95,-95,-95,-80,-80,-78,-83,-95,-95,-95,-95,-95,-46,-43,-46,-41,-44,-39,-62,-95,-90,-95,-95,-95,-69,-72,-70,-71,-69,-95,-95,-81,-72,-70,-75,-77,-95,-69,-95,-95,-69,-95,-95,-81,-95,-95,-69,-95,-82,-95,-95,-95,-95,-95,-95,-95,-78,-95,-95,-95,-95,-95,-90,-91,-65,-91,-93,-84,-61,-60,-61,-61,-65,-95,-82,-86,-61,-63,-81,-63,-95,-95,-95,-95,-95,-76,-68,-95,-95,-95,-95,-95,-89,-59
571,-95,-95,-95,-95,-95,-95,-95,-95,-69,-81,-72,-84,-87,-88,-89,-91,-89,-81,-83,-85,-82,-85,-89,-88,-95,-95,-95,-95,-95,-95,-86,-86,-84,-95,-95,-95,-68,-70,-68,-67,-66,-95,-70,-89,-87,-89,-95,-89,-95,-95,-95,-58,-95,-95,-95,-95,-95,-95,-95,-95,-95,-70,-95,-95,-95,-95,-95,-83,-81,-84,-83,-81,-69,-82,-84,-83,-85,-84,-95,-95,-95,-95,-95,-95,-50,-95,-95,-95,-95,-95,-64,-73,-95,-95,-95,-95,-95,-95,-88
454,-95,-95,-95,-95,-95,-95,-95,-95,-67,-70,-72,-73,-95,-95,-95,-95,-95,-57,-65,-71,-65,-63,-63,-62,-95,-95,-95,-95,-95,-65,-68,-98,-73,-95,-95,-95,-60,-95,-95,-95,-68,-95,-91,-71,-73,-67,-67,-95,-95,-95,-95,-67,-95,-95,-95,-95,-95,-95,-95,-95,-95,-71,-95,-95,-95,-95,-95,-69,-66,-68,-69,-67,-67,-63,-63,-60,-63,-68,-95,-83,-95,-95,-95,-95,-60,-95,-95,-95,-95,-95,-65,-63,-95,-95,-95,-95,-95,-95,-88
330,-95,-95,-95,-95,-95,-95,-95,-95,-84,-82,-87,-83,-95,-95,-95,-95,-95,-53,-52,-57,-52,-53,-50,-69,-95,-90,-95,-95,-95,-65,-69,-95,-71,-76,-95,-95,-72,-72,-70,-69,-74,-95,-69,-95,-95,-69,-95,-95,-67,-67,-67,-64,-95,-69,-95,-95,-95,-95,-95,-95,-95,-78,-95,-95,-95,-95,-95,-82,-67,-67,-67,-59,-95,-61,-60,-61,-61,-63,-95,-81,-86,-61,-63,-81,-63,-95,-95,-95,-95,-95,-75,-68,-95,-95,-95,-95,-95,-95,-61
575,-95,-95,-95,-95,-95,-95,-95,-95,-74,-77,-75,-77,-87,-88,-89,-91,-89,-81,-83,-85,-82,-85,-89,-86,-95,-95,-95,-95,-95,-95,-86,-86,-75,-95,-95,-95,-68,-70,-68,-67,-64,-95,-70,-88,-89,-89,-91,-89,-95,-95,-95,-51,-95,-95,-95,-95,-95,-95,-95,-95,-95,-70,-95,-95,-95,-95,-95,-80,-80,-71,-77,-81,-65,-70,-70,-70,-72,-70,-95,-95,-95,-95,-95,-95,-48,-95,-95,-95,-95,-95,-61,-73,-95,-95,-95,-95,-95,-95,-87
457,-95,-95,-95,-95,-95,-95,-95,-95,-80,-89,-72,-79,-86,-86,-84,-86,-95,-62,-67,-67,-67,-67,-65,-87,-95,-95,-95,-95,-95,-69,-68,-69,-67,-95,-95,-95,-60,-95,-95,-95,-71,-95,-72,-71,-73,-67,-72,-95,-95,-95,-95,-67,-95,-95,-95,-95,-95,-95,-95,-95,-95,-88,-95,-95,-95,-95,-95,-72,-64,-66,-64,-64,-78,-63,-68,-73,-84,-66,-95,-73,-95,-95,-95,-95,-60,-95,-95,-95,-95,-95,-73,-72,-95,-95,-95,-95,-95,-95,-83
62,-87,-95,-95,-95,-95,-95,-75,-87,-95,-95,-95,-95,-95,-95,-95,-95,-95,-95,-95,-95,-95,-95,-95,-95,-65,-91,-69,-70,-68,-77,-84,-75,-77,-77,-95,-84,-95,-95,-95,-95,-95,-95,-95,-95,-95,-95,-95,-95,-86,-87,-82,-87,-95,-84,-95,-95,-95,-95,-95,-95,-95,-95,-95,-95,-95,-88,-95,-95,-80,-72,-95,-95,-95,-95,-95,-95,-95,-95,-44,-95,-95,-95,-95,-95,-95,-61,-95,-95,-46,-48,-95,-95,-95,-95,-95,-95,-95,-91,-95
259,-73,-95,-95,-95,-95,-95,-95,-95,-95,-89,-88,-89,-95,-95,-86,-85,-82,-95,-95,-95,-89,-95,-95,-82,-95,-95,-95,-95,-95,-95,-86,-84,-78,-95,-95,-95,-95,-95,-95,-95,-73,-95,-72,-80,-80,-71,-80,-80,-67,-66,-70,-70,-95,-67,-95,-95,-95,-95,-95,-95,-95,-95,-95,-95,-95,-95,-95,-89,-84,-82,-84,-89,-52,-95,-95,-95,-95,-82,-95,-95,-30,-30,-32,-32,-30,-95,-95,-95,-95,-95,-75,-80,-95,-95,-95,-95,-95,-95,-95
66,-87,-95,-95,-95,-95,-95,-73,-78,-95,-95,-95,-95,-95,-95,-95,-95,-95,-95,-95,-95,-95,-95,-95,-95,-71,-70,-92,-69,-70,-77,-75,-77,-77,-87,-95,-84,-95,-95,-95,-95,-95,-95,-95,-95,-95,-95,-95,-95,-95,-84,-82,-95,-95,-82,-95,-95,-95,-95,-95,-95,-95,-95,-95,-95,-95,-69,-95,-95,-80,-65,-95,-79,-95,-95,-95,-95,-95,-95,-39,-95,-95,-95,-95,-95,-95,-53,-53,-55,-53,-57,-95,-95,-95,-95,-95,-95,-95,-95,-95
178,-86,-95,-95,-95,-95,-95,-73,-78,-95,-95,-95,-95,-86,-95,-84,-84,-81,-95,-95,-95,-95,-95,-95,-95,-50,-50,-48,-56,-50,-60,-58,-46,-42,-43,-95,-86,-95,-95,-95,-95,-95,-95,-95,-84,-84,-84,-87,-84,-81,-80,-80,-85,-95,-80,-84,-95,-95,-95,-95,-95,-95,-95,-77,-95,-95,-76,-95,-89,-60,-91,-89,-89,-95,-95,-95,-95,-95,-95,-62,-95,-83,-82,-87,-85,-80,-53,-95,-95,-95,-95,-95,-95,-95,-95,-95,-95,-95,-95,-95
250,-71,-95,-95,-95,-95,-95,-95,-95,-95,-95,-95,-95,-95,-95,-86,-85,-82,-95,-95,-95,-95,-95,-95,-95,-79,-95,-95,-95,-85,-91,-93,-95,-95,-95,-95,-95,-95,-95,-95,-95,-73,-95,-82,-72,-84,-72,-75,-75,-84,-80,-82,-78,-95,-83,-95,-95,-95,-95,-95,-95,-95,-95,-95,-95,-95,-84,-95,-89,-95,-88,-95,-95,-45,-95,-95,-95,-95,-95,-95,-95,-42,-42,-42,-42,-40,-89,-89,-89,-89,-89,-86,-83,-95,-95,-95,-95,-95,-95,-95
174,-86,-95,-95,-95,-95,-95,-80,-87,-95,-95,-95,-95,-86,-95,-84,-84,-84,-95,-95,-95,-95,-95,-95,-95,-50,-50,-48,-50,-50,-60,-58,-58,-58,-58,-95,-86,-95,-95,-95,-95,-95,-95,-95,-84,-84,-95,-86,-84,-82,-80,-82,-82,-95,-80,-84,-95,-95,-95,-95,-95,-95,-95,-77,-95,-95,-73,-95,-60,-60,-65,-66,-87,-95,-95,-95,-95,-95,-95,-60,-95,-87,-82,-86,-95,-95,-50,-95,-95,-95,-95,-95,-95,-95,-95,-95,-95,-95,-95,-95
629,-61,-95,-95,-95,-95,-95,-95,-95,-95,-95,-89,-88,-84,-95,-83,-80,-78,-95,-95,-95,-95,-95,-95,-95,-82,-85,-82,-86,-83,-92,-95,-90,-95,-95,-95,-95,-76,-75,-75,-77,-79,-95,-95,-95,-95,-78,-95,-95,-82,-70,-95,-78,-95,-87,-95,-95,-95,-95,-95,-95,-95,-95,-95,-95,-95,-77,-95,-89,-86,-83,-95,-95,-55,-95,-95,-95,-95,-95,-95,-95,-48,-48,-47,-48,-47,-82,-83,-80,-95,-95,-86,-87,-95,-95,-95,-95,-95,-83,-95
171,-86,-95,-95,-95,-95,-95,-76,-73,-95,-95,-95,-95,-86,-95,-84,-84,-84,-95,-95,-95,-95,-95,-95,-95,-93,-56,-81,-61,-59,-76,-72,-104,-72,-76,-95,-86,-95,-95,-95,-95,-95,-95,-95,-95,-95,-95,-95,-95,-88,-74,-95,-95,-95,-72,-84,-95,-95,-95,-95,-95,-95,-95,-77,-95,-95,-63,-95,-59,-59,-57,-66,-70,-95,-95,-95,-95,-95,-95,-60,-95,-95,-95,-95,-95,-95,-52,-95,-95,-95,-95,-95,-95,-95,-95,-95,-95,-95,-95,-95
255,-73,-95,-95,-95,-95,-95,-95,-95,-95,-89,-88,-89,-95,-95,-86,-85,-82,-95,-95,-95,-89,-95,-95,-82,-95,-95,-95,-95,-95,-91,-93,-95,-95,-95,-95,-95,-95,-95,-95,-95,-69,-95,-82,-72,-84,-83,-75,-75,-86,-86,-82,-82,-95,-86,-95,-95,-95,-95,-95,-95,-95,-95,-95,-95,-95,-84,-95,-89,-90,-88,-95,-95,-48,-95,-95,-95,-95,-95,-95,-95,-36,-34,-38,-38,-38,-95,-95,-95,-95,-95,-79,-80,-95,-95,-95,-95,-95,-95,-95
731,-82,-86,-84,-89,-89,-95,-58,-81,-95,-95,-95,-95,-87,-87,-86,-87,-86,-95,-95,-95,-95,-95,-95,-95,-95,-95,-95,-77,-95,-80,-80,-78,-79,-79,-95,-76,-95,-95,-95,-95,-95,-95,-95,-95,-95,-95,-95,-95,-95,-76,-76,-75,-95,-74,-68,-95,-95,-95,-95,-95,-95,-95,-95,-95,-95,-79,-95,-69,-72,-72,-70,-69,-95,-95,-95,-95,-95,-95,-55,-95,-95,-95,-95,-95,-95,-61,-95,-95,-95,-95,-95,-95,-95,-91,-91,-90,-88,-95,-95
856,-51,-95,-95,-95,-95,-95,-83,-86,-95,-95,-95,-95,-74,-76,-74,-74,-74,-95,-95,-95,-95,-95,-95,-95,-53,-50,-95,-60,-53,-87,-89,-94,-89,-89,-95,-95,-95,-95,-95,-95,-95,-95,-95,-80,-78,-83,-80,-78,-95,-95,-95,-87,-95,-95,-95,-95,-95,-95,-95,-95,-95,-95,-56,-56,-61,-46,-57,-84,-81,-80,-82,-81,-71,-95,-95,-95,-95,-95,-74,-95,-95,-95,-95,-95,-65,-58,-95,-95,-95,-95,-95,-95,-95,-95,-95,-95,-95,-95,-95
850,-58,-95,-95,-95,-95,-95,-88,-86,-95,-95,-95,-95,-74,-76,-74,-74,-74,-90,-95,-95,-95,-95,-95,-95,-34,-33,-34,-37,-52,-75,-80,-83,-82,-82,-95,-90,-95,-95,-95,-95,-95,-95,-95,-95,-95,-77,-95,-95,-95,-95,-95,-87,-95,-95,-92,-95,-95,-95,-95,-95,-95,-95,-58,-56,-59,-50,-58,-56,-72,-67,-71,-74,-79,-95,-95,-95,-95,-95,-67,-95,-95,-95,-95,-95,-95,-60,-95,-95,-95,-95,-95,-95,-95,-95,-95,-95,-95,-95,-95
543,-95,-95,-95,-95,-95,-95,-95,-95,-69,-66,-71,-66,-95,-95,-95,-95,-95,-73,-95,-79,-95,-95,-95,-73,-95,-95,-95,-95,-95,-86,-82,-87,-83,-77,-95,-95,-95,-95,-95,-95,-67,-95,-95,-88,-89,-89,-89,-88,-95,-95,-95,-43,-95,-95,-95,-95,-95,-95,-95,-95,-95,-66,-95,-95,-95,-95,-95,-77,-71,-79,-77,-71,-65,-95,-95,-95,-95,-73,-95,-87,-53,-51,-53,-51,-45,-95,-95,-95,-95,-95,-54,-95,-95,-95,-95,-95,-95,-95,-89
745,-82,-83,-78,-78,-80,-83,-49,-88,-95,-95,-95,-95,-89,-90,-91,-90,-89,-95,-95,-95,-95,-95,-95,-95,-83,-95,-82,-79,-82,-83,-82,-82,-89,-82,-90,-71,-95,-95,-95,-95,-95,-89,-95,-95,-95,-95,-95,-95,-87,-87,-88,-86,-95,-87,-70,-95,-95,-95,-95,-95,-95,-95,-78,-83,-78,-80,-78,-78,-85,-83,-77,-77,-95,-95,-95,-95,-95,-95,-50,-95,-95,-95,-95,-95,-95,-74,-95,-95,-95,-95,-95,-95,-95,-95,-90,-88,-90,-95,-95
530,-88,-95,-95,-95,-95,-95,-95,-95,-61,-68,-67,-68,-78,-95,-95,-95,-95,-65,-67,-72,-64,-64,-66,-90,-95,-95,-95,-95,-95,-84,-83,-83,-83,-85,-95,-95,-79,-57,-34,-34,-54,-95,-63,-78,-85,-95,-78,-81,-95,-95,-95,-61,-95,-95,-95,-95,-95,-95,-95,-95,-95,-67,-88,-87,-88,-95,-88,-72,-72,-82,-70,-72,-68,-64,-64,-64,-65,-65,-95,-95,-95,-95,-95,-95,-53,-95,-95,-95,-95,-95,-51,-58,-95,-95,-95,-95,-95,-81,-71
540,-88,-95,-95,-95,-95,-95,-95,-95,-64,-76,-64,-76,-95,-95,-95,-95,-95,-66,-95,-76,-95,-95,-95,-87,-95,-95,-95,-95,-95,-73,-82,-74,-78,-77,-95,-95,-95,-95,-95,-95,-64,-95,-95,-88,-89,-89,-89,-88,-95,-95,-95,-63,-95,-95,-95,-95,-95,-95,-95,-95,-95,-66,-88,-87,-88,-95,-88,-71,-71,-73,-71,-71,-71,-95,-95,-95,-95,-73,-95,-87,-54,-54,-54,-51,-51,-95,-95,-95,-95,-95,-61,-95,-95,-95,-95,-95,-95,-95,-79
657,-56,-95,-95,-95,-95,-95,-88,-90,-95,-95,-95,-95,-75,-78,-75,-78,-77,-95,-95,-95,-95,-95,-95,-95,-63,-64,-63,-67,-63,-89,-88,-88,-90,-87,-88,-95,-95,-95,-95,-95,-95,-95,-95,-95,-95,-77,-95,-91,-95,-95,-95,-95,-95,-95,-87,-95,-95,-95,-95,-95,-95,-95,-95,-95,-95,-47,-95,-86,-86,-78,-86,-87,-71,-95,-95,-95,-95,-95,-79,-95,-66,-66,-66,-66,-70,-62,-95,-95,-95,-95,-95,-95,-95,-95,-95,-95,-95,-91,-95
183,-86,-95,-95,-95,-95,-95,-76,-73,-95,-95,-95,-95,-95,-80,-95,-95,-81,-95,-95,-95,-95,-95,-95,-95,-46,-84,-55,-39,-43,-60,-58,-46,-64,-43,-95,-90,-95,-95,-95,-95,-95,-95,-95,-84,-84,-84,-87,-84,-81,-80,-80,-85,-95,-80,-95,-95,-95,-95,-95,-95,-95,-95,-95,-95,-95,-65,-95,-56,-57,-90,-57,-57,-72,-95,-95,-95,-95,-95,-63,-95,-83,-82,-87,-85,-80,-51,-53,-51,-51,-51,-95,-95,-95,-95,-95,-95,-95,-95,-95
654,-39,-95,-95,-95,-95,-95,-87,-90,-95,-95,-95,-95,-95,-95,-95,-95,-95,-95,-95,-95,-95,-95,-95,-95,-75,-93,-71,-66,-66,-89,-95,-95,-95,-95,-88,-95,-88,-84,-86,-88,-95,-95,-95,-95,-95,-77,-95,-91,-95,-95,-95,-95,-95,-95,-87,-95,-95,-95,-95,-95,-95,-95,-95,-95,-95,-36,-95,-86,-86,-87,-86,-87,-71,-95,-95,-95,-95,-95,-78,-95,-67,-66,-66,-67,-67,-66,-95,-95,-95,-95,-95,-95,-95,-95,-95,-95,-95,-91,-95
186,-95,-95,-95,-95,-95,-95,-84,-74,-95,-95,-95,-95,-95,-80,-95,-95,-81,-95,-95,-95,-95,-95,-95,-95,-38,-84,-76,-39,-40,-69,-69,-67,-71,-69,-95,-90,-95,-95,-95,-95,-95,-95,-95,-95,-95,-78,-87,-95,-81,-88,-80,-85,-95,-80,-95,-95,-95,-95,-95,-95,-95,-95,-95,-95,-95,-61,-95,-48,-85,-58,-57,-62,-72,-95,-95,-95,-95,-95,-62,-95,-83,-83,-79,-81,-83,-45,-53,-51,-51,-51,-95,-95,-95,-95,-95,-95,-95,-95,-95
734,-82,-86,-84,-89,-89,-95,-57,-82,-95,-95,-95,-95,-87,-87,-86,-87,-89,-95,-95,-95,-95,-95,-95,-95,-95,-95,-95,-75,-95,-84,-85,-78,-82,-93,-95,-83,-95,-95,-95,-95,-95,-95,-95,-95,-95,-95,-95,-95,-95,-76,-76,-75,-95,-74,-87,-95,-95,-95,-95,-95,-95,-95,-95,-95,-95,-81,-95,-78,-94,-78,-77,-77,-95,-95,-95,-95,-95,-95,-58,-95,-95,-95,-95,-95,-95,-62,-95,-95,-95,-95,-95,-95,-95,-91,-91,-90,-88,-95,-95
6,-45,-95,-95,-95,-95,-95,-88,-95,-95,-95,-95,-95,-86,-95,-84,-86,-84,-95,-95,-95,-95,-95,-95,-95,-88,-90,-92,-90,-91,-95,-95,-95,-95,-95,-95,-95,-95,-95,-95,-95,-95,-95,-95,-95,-95,-84,-95,-95,-95,-86,-95,-86,-95,-84,-95,-95,-95,-95,-95,-95,-95,-95,-95,-95,-95,-62,-95,-95,-95,-95,-95,-95,-68,-95,-95,-95,-95,-95,-81,-95,-71,-72,-73,-95,-74,-69,-71,-71,-70,-71,-95,-95,-95,-95,-95,-95,-95,-92,-95
853,-54,-95,-95,-95,-95,-95,-83,-86,-95,-95,-95,-95,-74,-76,-74,-74,-74,-95,-95,-95,-95,-95,-95,-95,-53,-50,-95,-49,-53,-87,-87,-94,-86,-84,-95,-90,-95,-95,-95,-95,-95,-95,-95,-95,-95,-77,-95,-95,-95,-95,-95,-87,-95,-95,-92,-95,-95,-95,-95,-95,-95,-95,-56,-56,-61,-50,-57,-84,-81,-84,-71,-79,-83,-95,-95,-95,-95,-95,-75,-95,-95,-95,-95,-95,-64,-56,-95,-95,-95,-95,-95,-95,-95,-95,-95,-95,-95,-95,-95
738,-95,-92,-84,-89,-89,-95,-56,-87,-95,-95,-95,-95,-87,-87,-95,-95,-89,-95,-95,-95,-95,-95,-95,-95,-95,-95,-95,-73,-95,-78,-88,-87,-88,-87,-95,-86,-95,-95,-95,-95,-95,-95,-95,-95,-95,-95,-95,-95,-87,-87,-88,-86,-95,-87,-69,-95,-95,-95,-95,-95,-95,-95,-95,-95,-95,-78,-95,-78,-94,-90,-77,-77,-95,-95,-95,-95,-95,-95,-61,-95,-95,-95,-95,-95,-95,-60,-95,-95,-95,-95,-95,-95,-95,-91,-90,-88,-89,-95,-95
505,-95,-95,-95,-95,-95,-95,-95,-95,-77,-95,-95,-95,-95,-95,-95,-95,-95,-55,-95,-57,-95,-95,-88,-73,-95,-95,-95,-95,-95,-71,-62,-67,-69,-93,-95,-95,-89,-89,-87,-70,-63,-95,-65,-71,-71,-79,-72,-71,-95,-95,-95,-63,-95,-95,-95,-95,-95,-95,-95,-95,-95,-95,-95,-95,-95,-95,-95,-70,-70,-92,-104,-94,-74,-75,-50,-49,-87,-53,-95,-81,-95,-95,-95,-95,-53,-95,-95,-95,-95,-95,-66,-65,-95,-95,-95,-95,-95,-95,-65
502,-95,-95,-95,-95,-95,-95,-95,-95,-77,-85,-82,-95,-95,-95,-95,-95,-95,-52,-95,-49,-95,-95,-88,-61,-95,-95,-95,-95,-95,-64,-62,-63,-63,-64,-95,-95,-64,-64,-80,-65,-64,-95,-70,-71,-71,-79,-72,-71,-95,-95,-95,-63,-95,-95,-95,-95,-95,-95,-95,-95,-95,-85,-95,-95,-95,-95,-95,-69,-57,-69,-61,-61,-76,-54,-56,-54,-56,-59,-95,-84,-69,-61,-68,-69,-53,-95,-95,-95,-95,-95,-71,-68,-95,-95,-95,-95,-95,-91,-79
706,-78,-95,-95,-95,-95,-95,-75,-78,-95,-95,-95,-95,-82,-83,-82,-82,-84,-95,-95,-95,-95,-95,-95,-95,-95,-95,-95,-61,-95,-77,-77,-79,-82,-77,-95,-84,-95,-95,-95,-95,-95,-95,-95,-89,-95,-90,-89,-95,-95,-95,-95,-95,-95,-95,-73,-95,-95,-95,-95,-95,-95,-95,-95,-95,-95,-50,-95,-77,-77,-77,-88,-88,-95,-95,-95,-95,-95,-95,-49,-95,-95,-95,-95,-95,-95,-42,-95,-95,-95,-95,-95,-95,-95,-95,-95,-95,-95,-95,-95
516,-95,-95,-95,-95,-95,-95,-95,-95,-66,-72,-66,-66,-95,-95,-95,-95,-95,-62,-95,-75,-95,-95,-95,-76,-95,-95,-95,-95,-95,-71,-95,-67,-75,-93,-95,-95,-63,-63,-63,-63,-61,-95,-61,-95,-95,-95,-95,-95,-95,-95,-95,-67,-95,-95,-95,-95,-95,-95,-95,-95,-95,-66,-95,-95,-95,-95,-95,-70,-69,-65,-64,-69,-73,-75,-50,-49,-87,-57,-95,-87,-95,-95,-95,-95,-56,-95,-95,-95,-95,-95,-86,-63,-95,-95,-95,-95,-95,-84,-69
752,-82,-83,-78,-78,-80,-83,-38,-84,-95,-95,-95,-95,-89,-90,-91,-90,-95,-95,-95,-95,-95,-95,-95,-95,-83,-95,-82,-79,-82,-87,-84,-87,-88,-89,-90,-75,-95,-95,-95,-95,-95,-89,-95,-95,-95,-95,-95,-95,-95,-95,-95,-88,-95,-95,-70,-95,-95,-95,-95,-95,-95,-95,-78,-83,-78,-86,-78,-87,-86,-89,-88,-86,-95,-95,-95,-95,-95,-95,-55,-95,-95,-95,-95,-95,-95,-75,-95,-95,-95,-95,-95,-95,-95,-95,-95,-95,-90,-95,-95
633,-61,-95,-95,-95,-95,-95,-95,-95,-95,-95,-89,-88,-79,-81,-80,-81,-83,-95,-95,-95,-95,-95,-95,-95,-82,-87,-87,-75,-76,-92,-95,-90,-95,-95,-95,-95,-80,-74,-88,-75,-76,-95,-95,-95,-95,-78,-95,-95,-82,-95,-95,-78,-95,-95,-95,-95,-95,-95,-95,-95,-95,-95,-95,-95,-95,-77,-95,-95,-89,-95,-95,-95,-54,-95,-95,-95,-95,-95,-95,-95,-48,-48,-47,-48,-48,-78,-83,-80,-95,-95,-81,-95,-95,-95,-95,-95,-95,-83,-95
468,-95,-95,-95,-95,-95,-95,-95,-87,-82,-77,-76,-78,-86,-86,-84,-86,-95,-65,-65,-66,-60,-61,-62,-75,-87,-88,-88,-90,-88,-91,-71,-53,-51,-56,-95,-95,-82,-81,-95,-84,-72,-95,-75,-95,-95,-95,-72,-95,-83,-95,-90,-82,-95,-81,-95,-95,-95,-95,-95,-95,-95,-78,-95,-95,-95,-95,-95,-72,-64,-53,-68,-91,-78,-63,-68,-73,-84,-69,-95,-73,-95,-95,-95,-95,-72,-95,-95,-95,-95,-95,-73,-69,-95,-95,-95,-95,-95,-95,-75
755,-82,-95,-95,-95,-95,-95,-32,-89,-95,-95,-95,-95,-95,-95,-95,-95,-95,-95,-95,-95,-95,-95,-95,-95,-87,-95,-82,-79,-82,-87,-90,-87,-88,-89,-95,-54,-95,-95,-95,-95,-95,-87,-95,-95,-95,-95,-95,-95,-95,-95,-95,-88,-95,-95,-84,-95,-95,-95,-95,-95,-95,-95,-78,-83,-78,-87,-78,-87,-88,-89,-88,-89,-95,-95,-95,-95,-95,-95,-57,-95,-95,-95,-95,-95,-95,-68,-95,-95,-95,-95,-95,-95,-95,-95,-95,-95,-95,-95,-95
637,-60,-95,-95,-95,-95,-95,-95,-95,-95,-95,-89,-91,-79,-81,-80,-81,-83,-95,-95,-95,-95,-95,-95,-95,-82,-87,-87,-71,-76,-92,-95,-90,-95,-95,-95,-95,-79,-74,-87,-75,-86,-95,-95,-95,-95,-78,-95,-95,-82,-95,-95,-78,-95,-95,-95,-95,-95,-95,-95,-95,-95,-95,-95,-95,-95,-82,-95,-95,-89,-91,-89,-95,-53,-95,-95,-95,-95,-95,-95,-95,-48,-48,-47,-48,-36,-83,-83,-80,-95,-95,-81,-95,-95,-95,-95,-95,-95,-83,-95
560,-95,-95,-95,-95,-95,-95,-95,-95,-73,-78,-82,-89,-95,-91,-90,-91,-91,-79,-81,-79,-79,-81,-80,-87,-95,-95,-95,-95,-95,-75,-75,-76,-84,-75,-95,-95,-87,-85,-87,-87,-73,-95,-95,-95,-95,-95,-95,-95,-55,-55,-57,-58,-95,-55,-95,-95,-95,-95,-95,-95,-95,-87,-95,-95,-95,-95,-95,-75,-67,-77,-78,-72,-84,-95,-95,-95,-95,-73,-95,-95,-95,-95,-95,-95,-61,-95,-95,-95,-95,-95,-69,-95,-95,-95,-95,-95,-95,-95,-83
464,-95,-95,-95,-95,-95,-95,-95,-86,-80,-82,-82,-75,-86,-86,-84,-86,-95,-52,-62,-65,-62,-62,-62,-74,-89,-95,-91,-91,-88,-63,-71,-53,-55,-56,-95,-95,-82,-81,-95,-84,-82,-95,-73,-95,-95,-95,-72,-95,-83,-95,-90,-82,-95,-81,-95,-95,-95,-95,-95,-95,-95,-89,-95,-95,-95,-95,-95,-72,-64,-53,-68,-91,-78,-63,-68,-73,-84,-58,-95,-73,-95,-95,-95,-95,-65,-95,-95,-95,-95,-95,-75,-69,-95,-95,-95,-95,-95,-95,-88
509,-95,-95,-95,-95,-95,-95,-95,-95,-70,-72,-73,-71,-95,-95,-95,-95,-95,-57,-95,-59,-95,-95,-95,-68,-95,-95,-95,-95,-95,-71,-62,-67,-75,-93,-95,-95,-63,-58,-88,-59,-62,-95,-65,-95,-95,-79,-95,-95,-95,-95,-95,-63,-95,-95,-95,-95,-95,-95,-95,-95,-95,-95,-95,-95,-95,-95,-95,-70,-69,-63,-64,-69,-79,-75,-50,-49,-87,-48,-95,-86,-95,-95,-95,-95,-53,-95,-95,-95,-95,-95,-66,-65,-95,-95,-95,-95,-95,-95,-71
461,-95,-95,-95,-95,-95,-95,-95,-95,-78,-84,-78,-74,-86,-86,-84,-86,-95,-51,-61,-62,-58,-58,-59,-94,-89,-95,-91,-91,-89,-63,-64,-65,-68,-63,-95,-95,-60,-95,-95,-95,-69,-95,-73,-71,-95,-67,-72,-95,-95,-95,-95,-67,-95,-95,-95,-95,-95,-95,-95,-95,-95,-78,-95,-95,-95,-95,-95,-72,-64,-51,-68,-64,-78,-63,-68,-73,-84,-66,-95,-73,-95,-95,-95,-95,-60,-95,-95,-95,-95,-95,-75,-69,-95,-95,-95,-95,-95,-95,-86
565,-95,-95,-95,-95,-95,-95,-95,-95,-72,-72,-69,-69,-87,-88,-87,-87,-87,-81,-81,-79,-79,-81,-80,-87,-95,-95,-95,-95,-95,-95,-95,-95,-86,-95,-95,-95,-87,-85,-87,-87,-75,-95,-95,-95,-95,-95,-95,-95,-55,-55,-57,-51,-95,-55,-95,-95,-95,-95,-95,-95,-95,-69,-95,-95,-95,-95,-95,-75,-84,-87,-86,-87,-84,-95,-95,-95,-95,-78,-95,-95,-95,-95,-95,-95,-56,-95,-95,-95,-95,-95,-73,-95,-95,-95,-95,-95,-95,-95,-83
567,-95,-95,-95,-95,-95,-95,-95,-95,-79,-83,-86,-84,-87,-88,-87,-87,-87,-81,-81,-79,-79,-81,-80,-84,-95,-95,-95,-95,-95,-95,-95,-95,-86,-95,-95,-95,-68,-70,-68,-67,-69,-95,-70,-95,-95,-95,-95,-95,-55,-55,-57,-86,-95,-55,-95,-95,-95,-95,-95,-95,-95,-83,-95,-95,-95,-95,-95,-76,-78,-76,-83,-80,-74,-95,-95,-95,-95,-83,-95,-95,-95,-95,-95,-95,-54,-95,-95,-95,-95,-95,-73,-73,-95,-95,-95,-95,-95,-95,-83
98,-82,-88,-86,-88,-87,-86,-52,-87,-95,-95,-95,-95,-95,-95,-95,-95,-95,-95,-95,-95,-95,-95,-95,-95,-80,-86,-80,-84,-72,-86,-87,-86,-87,-88,-86,-60,-95,-95,-95,-95,-95,-95,-95,-95,-95,-95,-95,-95,-95,-95,-95,-80,-95,-87,-83,-95,-95,-95,-95,-95,-95,-95,-95,-95,-95,-78,-95,-80,-87,-78,-73,-81,-95,-95,-95,-95,-95,-95,-58,-95,-95,-95,-95,-95,-95,-64,-95,-95,-95,-95,-95,-95,-95,-95,-95,-95,-95,-95,-95
844,-62,-95,-95,-95,-95,-95,-83,-86,-95,-95,-95,-95,-69,-70,-79,-77,-78,-90,-95,-95,-95,-95,-95,-95,-34,-33,-34,-39,-34,-75,-74,-73,-74,-74,-95,-90,-95,-95,-95,-95,-95,-95,-95,-81,-81,-77,-80,-82,-95,-95,-95,-95,-95,-95,-92,-95,-95,-95,-95,-95,-95,-95,-59,-61,-59,-57,-64,-56,-102,-68,-77,-77,-79,-95,-95,-95,-95,-95,-64,-95,-95,-95,-95,-95,-95,-41,-95,-95,-95,-95,-95,-95,-95,-95,-95,-95,-95,-95,-95
91,-82,-90,-91,-91,-90,-86,-52,-90,-95,-95,-95,-95,-78,-81,-81,-78,-78,-87,-95,-95,-95,-95,-95,-95,-73,-81,-74,-75,-72,-86,-87,-86,-87,-88,-90,-75,-95,-95,-95,-95,-95,-95,-95,-95,-95,-95,-95,-95,-84,-82,-82,-80,-95,-87,-79,-95,-95,-95,-95,-95,-95,-95,-95,-95,-95,-77,-95,-86,-87,-81,-73,-75,-95,-95,-95,-95,-95,-95,-78,-95,-95,-95,-95,-95,-95,-61,-95,-95,-95,-95,-95,-95,-90,-89,-88,-95,-95,-95,-95
226,-60,-95,-95,-95,-95,-95,-95,-95,-95,-95,-95,-95,-84,-80,-82,-82,-82,-95,-95,-95,-95,-95,-95,-95,-70,-73,-76,-75,-86,-86,-92,-90,-88,-91,-95,-95,-95,-95,-95,-95,-89,-95,-95,-95,-95,-80,-91,-95,-95,-95,-95,-95,-95,-95,-95,-95,-95,-95,-95,-95,-95,-95,-43,-95,-95,-71,-95,-95,-95,-91,-95,-95,-55,-95,-95,-95,-95,-95,-82,-95,-95,-95,-95,-95,-52,-72,-70,-69,-69,-69,-95,-95,-95,-95,-95,-95,-95,-95,-95
167,-95,-95,-95,-95,-95,-95,-72,-87,-95,-95,-95,-95,-86,-87,-84,-84,-84,-95,-95,-95,-95,-95,-95,-95,-62,-62,-62,-61,-64,-76,-76,-74,-72,-76,-95,-82,-95,-95,-95,-95,-95,-95,-95,-95,-90,-95,-95,-91,-88,-74,-95,-95,-95,-72,-84,-95,-95,-95,-95,-95,-95,-95,-77,-76,-90,-59,-78,-59,-59,-68,-66,-70,-95,-95,-95,-95,-95,-95,-57,-95,-95,-95,-95,-95,-95,-49,-95,-95,-95,-95,-95,-95,-95,-95,-95,-95,-95,-95,-95
223,-52,-95,-95,-95,-95,-95,-95,-95,-95,-95,-95,-95,-84,-80,-82,-82,-82,-95,-95,-95,-95,-95,-95,-95,-68,-84,-66,-75,-86,-86,-89,-94,-88,-90,-95,-95,-95,-95,-95,-95,-89,-95,-95,-95,-95,-80,-91,-95,-84,-86,-86,-87,-95,-86,-95,-95,-95,-95,-95,-95,-95,-95,-43,-95,-95,-61,-95,-95,-95,-91,-95,-95,-90,-95,-95,-95,-95,-95,-82,-95,-95,-95,-95,-95,-60,-78,-68,-73,-72,-72,-95,-95,-95,-95,-95,-95,-95,-95,-95
812,-73,-95,-95,-95,-95,-95,-72,-80,-95,-95,-95,-95,-85,-85,-82,-82,-82,-82,-95,-95,-95,-95,-95,-95,-64,-64,-81,-67,-67,-77,-75,-69,-76,-79,-95,-86,-95,-95,-95,-95,-95,-95,-95,-95,-95,-90,-95,-95,-75,-95,-95,-95,-95,-95,-91,-95,-95,-95,-95,-95,-95,-95,-82,-83,-83,-55,-80,-74,-80,-73,-77,-76,-95,-95,-95,-95,-95,-95,-43,-95,-95,-95,-95,-95,-95,-46,-95,-95,-95,-95,-95,-95,-95,-95,-95,-95,-95,-95,-95
163,-95,-95,-95,-95,-95,-95,-75,-87,-95,-95,-95,-95,-86,-87,-86,-81,-86,-95,-95,-95,-95,-95,-95,-95,-62,-64,-62,-64,-59,-76,-79,-78,-75,-72,-95,-86,-95,-95,-95,-95,-95,-95,-95,-95,-90,-95,-95,-91,-88,-74,-95,-95,-95,-72,-82,-95,-95,-95,-95,-95,-95,-95,-78,-76,-90,-56,-78,-61,-62,-63,-64,-62,-95,-95,-95,-95,-95,-95,-83,-95,-95,-95,-95,-95,-95,-42,-95,-95,-95,-95,-95,-95,-95,-95,-95,-95,-95,-95,-95
10,-92,-95,-95,-95,-95,-95,-88,-95,-95,-95,-95,-95,-70,-72,-70,-74,-74,-95,-95,-95,-95,-95,-95,-95,-57,-57,-56,-57,-55,-95,-95,-85,-95,-95,-95,-95,-95,-95,-95,-95,-95,-95,-95,-95,-95,-84,-95,-95,-95,-86,-95,-86,-95,-84,-87,-95,-95,-95,-95,-95,-95,-95,-95,-95,-95,-50,-95,-84,-82,-85,-85,-83,-72,-95,-95,-95,-95,-95,-76,-95,-71,-72,-73,-95,-64,-60,-71,-71,-70,-71,-95,-95,-95,-95,-95,-95,-95,-89,-95
776,-73,-95,-87,-95,-95,-95,-54,-77,-95,-95,-95,-95,-95,-95,-95,-95,-95,-95,-95,-95,-95,-95,-95,-95,-81,-80,-80,-80,-87,-86,-84,-91,-89,-95,-90,-75,-95,-95,-95,-95,-95,-95,-95,-95,-95,-95,-95,-95,-95,-95,-95,-95,-95,-95,-75,-81,-82,-81,-83,-81,-87,-95,-73,-71,-73,-76,-77,-77,-78,-82,-81,-77,-95,-95,-95,-95,-95,-95,-47,-95,-95,-95,-95,-95,-95,-69,-95,-95,-95,-95,-95,-95,-95,-89,-95,-95,-95,-95,-95
14,-47,-95,-95,-95,-95,-95,-88,-95,-95,-95,-95,-95,-80,-79,-80,-80,-79,-95,-95,-95,-95,-95,-95,-95,-57,-57,-66,-59,-55,-95,-95,-85,-86,-95,-95,-95,-95,-95,-95,-95,-95,-95,-95,-95,-95,-84,-95,-95,-95,-86,-95,-86,-95,-84,-87,-95,-95,-95,-95,-95,-95,-95,-18,-24,-18,-55,-20,-86,-86,-84,-85,-87,-72,-95,-95,-95,-95,-95,-77,-95,-71,-72,-73,-95,-60,-60,-71,-71,-70,-71,-95,-95,-95,-95,-95,-95,-95,-89,-95
17,-50,-95,-95,-95,-95,-95,-95,-95,-95,-95,-95,-95,-80,-79,-80,-80,-79,-95,-95,-95,-95,-95,-95,-95,-66,-70,-89,-66,-55,-95,-95,-85,-86,-95,-95,-95,-95,-95,-95,-95,-95,-95,-95,-95,-95,-80,-95,-95,-95,-95,-95,-95,-95,-95,-87,-95,-95,-95,-95,-95,-95,-95,-18,-24,-18,-54,-20,-86,-86,-84,-85,-87,-69,-95,-95,-95,-95,-95,-80,-95,-95,-95,-95,-95,-70,-64,-65,-64,-64,-64,-95,-95,-95,-95,-95,-95,-95,-89,-95
860,-46,-95,-95,-95,-95,-95,-85,-86,-95,-95,-95,-95,-95,-95,-95,-95,-95,-95,-95,-95,-95,-95,-95,-95,-53,-50,-95,-58,-53,-87,-89,-94,-87,-89,-95,-95,-95,-95,-95,-95,-95,-95,-95,-80,-78,-83,-80,-78,-95,-95,-95,-87,-95,-95,-95,-95,-95,-95,-95,-95,-95,-95,-56,-56,-61,-51,-57,-86,-86,-82,-82,-80,-75,-95,-95,-95,-95,-95,-73,-95,-95,-95,-95,-95,-65,-63,-58,-58,-58,-58,-95,-95,-95,-95,-95,-95,-95,-95,-95
863,-35,-95,-95,-95,-95,-95,-89,-91,-95,-95,-95,-95,-95,-78,-95,-95,-95,-95,-95,-95,-95,-95,-95,-95,-64,-65,-63,-65,-63,-90,-87,-87,-84,-89,-95,-95,-95,-95,-95,-95,-95,-95,-95,-80,-78,-83,-80,-78,-95,-95,-95,-95,-95,-95,-95,-95,-95,-95,-95,-95,-95,-95,-56,-95,-61,-53,-57,-86,-88,-82,-87,-88,-66,-95,-95,-95,-95,-95,-80,-95,-63,-62,-64,-61,-63,-62,-58,-58,-58,-58,-95,-95,-95,-95,-95,-95,-95,-95,-95
867,-32,-95,-95,-95,-95,-95,-89,-91,-95,-95,-95,-95,-95,-78,-95,-95,-95,-95,-95,-95,-95,-95,-95,-95,-83,-84,-84,-81,-63,-90,-87,-87,-84,-89,-95,-95,-95,-95,-95,-95,-95,-95,-95,-80,-78,-83,-80,-78,-95,-95,-95,-95,-95,-95,-95,-95,-95,-95,-95,-95,-95,-95,-25,-27,-27,-58,-28,-86,-88,-82,-87,-88,-74,-95,-95,-95,-95,-95,-80,-95,-63,-62,-64,-61,-69,-70,-58,-58,-58,-58,-95,-95,-95,-95,-95,-95,-95,-95,-95
709,-82,-95,-95,-95,-95,-95,-71,-81,-95,-95,-95,-95,-87,-86,-87,-87,-87,-95,-95,-95,-95,-95,-95,-95,-95,-95,-95,-68,-95,-83,-80,-80,-83,-81,-95,-86,-95,-95,-95,-95,-95,-95,-95,-89,-95,-90,-89,-95,-95,-95,-95,-95,-95,-95,-82,-95,-95,-95,-95,-95,-95,-95,-80,-82,-83,-61,-81,-70,-77,-70,-73,-88,-95,-95,-95,-95,-95,-95,-38,-95,-95,-95,-95,-95,-95,-60,-95,-95,-95,-95,-95,-95,-95,-95,-95,-95,-95,-95,-95
724,-82,-95,-95,-95,-95,-95,-64,-81,-95,-95,-95,-95,-87,-86,-86,-87,-86,-95,-95,-95,-95,-95,-95,-95,-95,-95,-95,-74,-95,-73,-71,-71,-72,-66,-95,-85,-95,-95,-95,-95,-95,-90,-95,-95,-95,-95,-95,-95,-95,-95,-77,-80,-95,-95,-60,-95,-95,-95,-95,-95,-95,-95,-95,-95,-95,-80,-95,-76,-63,-76,-77,-67,-95,-95,-95,-95,-95,-95,-49,-95,-95,-95,-95,-95,-95,-57,-95,-95,-95,-95,-95,-95,-95,-92,-91,-92,-95,-95,-95
419,-95,-95,-95,-95,-95,-95,-95,-95,-80,-70,-77,-69,-95,-95,-95,-95,-95,-74,-76,-71,-73,-73,-76,-86,-95,-95,-95,-95,-95,-73,-74,-73,-73,-73,-95,-95,-95,-95,-73,-68,-59,-95,-64,-88,-89,-90,-89,-89,-95,-95,-95,-49,-95,-95,-95,-95,-95,-95,-95,-95,-95,-75,-95,-95,-95,-95,-95,-88,-89,-82,-87,-87,-62,-95,-95,-95,-95,-74,-95,-95,-95,-95,-95,-95,-53,-95,-95,-95,-95,-95,-63,-61,-95,-95,-95,-95,-95,-95,-75
720,-87,-95,-95,-95,-95,-95,-67,-86,-95,-95,-95,-95,-86,-85,-85,-84,-87,-95,-95,-95,-95,-95,-95,-95,-95,-95,-95,-71,-95,-75,-74,-74,-74,-74,-95,-80,-95,-95,-95,-95,-95,-90,-95,-95,-95,-95,-95,-95,-95,-95,-77,-78,-95,-95,-65,-95,-95,-95,-95,-95,-95,-95,-80,-82,-83,-77,-81,-54,-63,-66,-54,-90,-95,-95,-95,-95,-95,-95,-46,-95,-95,-95,-95,-95,-95,-53,-95,-95,-95,-95,-95,-95,-95,-95,-95,-95,-95,-95,-95
728,-82,-95,-95,-95,-95,-95,-63,-88,-95,-95,-95,-95,-87,-86,-86,-87,-86,-95,-95,-95,-95,-95,-95,-95,-95,-95,-95,-66,-95,-74,-74,-77,-76,-74,-95,-76,-95,-95,-95,-95,-95,-95,-95,-95,-95,-95,-95,-95,-95,-76,-76,-75,-95,-74,-64,-95,-95,-95,-95,-95,-95,-95,-95,-95,-95,-86,-95,-71,-63,-68,-68,-71,-95,-95,-95,-95,-95,-95,-52,-95,-95,-95,-95,-95,-95,-60,-95,-95,-95,-95,-95,-95,-95,-92,-91,-92,-95,-95,-95
607,-73,-95,-95,-95,-95,-95,-95,-95,-83,-84,-82,-85,-87,-95,-88,-95,-88,-79,-76,-83,-78,-78,-78,-86,-95,-95,-95,-95,-95,-95,-95,-95,-75,-94,-95,-95,-71,-73,-74,-74,-75,-95,-75,-95,-95,-88,-95,-95,-69,-64,-69,-67,-95,-65,-95,-95,-95,-95,-95,-95,-95,-88,-74,-75,-72,-95,-74,-82,-82,-73,-81,-83,-61,-95,-95,-95,-95,-76,-95,-88,-40,-40,-40,-40,-39,-95,-95,-95,-95,-95,-76,-75,-95,-95,-95,-95,-95,-95,-95
152,-95,-95,-95,-95,-95,-95,-67,-86,-95,-95,-95,-95,-81,-82,-83,-81,-79,-84,-95,-95,-95,-95,-95,-95,-61,-62,-63,-67,-62,-69,-68,-66,-64,-66,-95,-88,-95,-95,-95,-95,-95,-95,-95,-95,-95,-95,-95,-95,-76,-95,-95,-79,-95,-78,-55,-95,-95,-95,-95,-95,-95,-95,-86,-86,-88,-65,-90,-79,-78,-61,-77,-70,-95,-95,-95,-95,-95,-95,-74,-95,-95,-95,-95,-95,-95,-43,-95,-95,-95,-95,-95,-95,-88,-95,-89,-95,-91,-95,-95
395,-95,-95,-95,-95,-95,-95,-95,-95,-79,-76,-77,-79,-95,-95,-95,-95,-95,-74,-73,-78,-75,-76,-76,-80,-95,-95,-95,-95,-95,-90,-81,-90,-81,-95,-95,-95,-95,-95,-95,-95,-65,-95,-95,-95,-95,-95,-95,-95,-47,-50,-47,-52,-90,-48,-95,-95,-95,-95,-95,-95,-95,-90,-95,-95,-95,-95,-95,-74,-76,-77,-76,-75,-81,-95,-95,-95,-95,-86,-95,-89,-51,-50,-50,-48,-47,-95,-95,-95,-95,-95,-69,-95,-95,-95,-95,-95,-95,-87,-87
156,-95,-95,-95,-95,-95,-95,-69,-79,-95,-95,-95,-95,-86,-87,-86,-81,-86,-84,-95,-95,-95,-95,-95,-95,-56,-67,-67,-66,-69,-69,-70,-67,-67,-67,-95,-87,-95,-95,-95,-95,-95,-95,-95,-95,-90,-95,-95,-91,-76,-95,-95,-79,-95,-78,-55,-95,-95,-95,-95,-95,-95,-95,-78,-76,-90,-67,-78,-79,-78,-68,-77,-70,-95,-95,-95,-95,-95,-95,-40,-95,-95,-95,-95,-95,-95,-50,-95,-95,-95,-95,-95,-95,-95,-95,-95,-95,-95,-95,-95
749,-82,-83,-78,-78,-80,-83,-41,-84,-95,-95,-95,-95,-89,-90,-91,-90,-95,-95,-95,-95,-95,-95,-95,-95,-83,-95,-82,-79,-82,-87,-84,-87,-88,-89,-90,-57,-95,-95,-95,-95,-95,-89,-95,-95,-95,-95,-95,-95,-87,-87,-88,-88,-95,-87,-70,-95,-95,-95,-95,-95,-95,-95,-78,-83,-78,-80,-78,-87,-86,-89,-88,-86,-95,-95,-95,-95,-95,-95,-55,-95,-95,-95,-95,-95,-95,-68,-95,-95,-95,-95,-95,-95,-95,-95,-90,-88,-90,-95,-95
556,-95,-95,-95,-95,-95,-95,-95,-95,-70,-71,-81,-75,-95,-95,-95,-95,-95,-78,-82,-82,-82,-81,-81,-89,-95,-95,-95,-95,-95,-75,-75,-76,-76,-75,-95,-95,-95,-95,-95,-95,-72,-95,-95,-89,-89,-89,-89,-88,-51,-53,-51,-54,-95,-51,-95,-95,-95,-95,-95,-95,-95,-79,-95,-95,-95,-95,-95,-75,-67,-78,-69,-72,-66,-95,-95,-95,-95,-73,-95,-95,-95,-95,-95,-95,-51,-95,-95,-95,-95,-95,-68,-95,-95,-95,-95,-95,-95,-95,-88
551,-95,-95,-95,-95,-95,-95,-95,-95,-80,-77,-71,-77,-95,-95,-95,-95,-95,-80,-95,-77,-95,-95,-95,-78,-95,-95,-95,-95,-95,-75,-75,-76,-76,-75,-95,-95,-95,-95,-95,-95,-65,-95,-95,-89,-89,-89,-89,-88,-53,-50,-51,-53,-95,-95,-95,-95,-95,-95,-95,-95,-95,-79,-95,-95,-95,-95,-95,-72,-75,-75,-75,-72,-87,-95,-95,-95,-95,-79,-95,-95,-53,-51,-53,-95,-50,-95,-95,-95,-95,-95,-69,-95,-95,-95,-95,-95,-95,-95,-88
584,-88,-95,-95,-95,-95,-95,-95,-95,-66,-71,-70,-70,-95,-95,-89,-89,-89,-75,-72,-74,-70,-72,-70,-82,-95,-95,-95,-95,-95,-95,-95,-95,-71,-95,-95,-95,-64,-95,-95,-95,-67,-95,-95,-88,-89,-89,-91,-89,-55,-53,-55,-56,-95,-55,-95,-95,-95,-95,-95,-95,-95,-70,-95,-86,-95,-95,-86,-81,-70,-82,-81,-80,-53,-68,-66,-68,-68,-68,-95,-82,-95,-95,-95,-95,-40,-95,-95,-95,-95,-95,-58,-95,-95,-95,-95,-95,-95,-95,-90
237,-63,-95,-95,-95,-95,-95,-95,-95,-89,-95,-95,-95,-95,-95,-95,-95,-95,-95,-95,-95,-95,-95,-95,-95,-86,-73,-76,-95,-95,-95,-92,-90,-95,-91,-95,-95,-95,-95,-95,-84,-81,-95,-95,-95,-95,-72,-95,-95,-95,-81,-95,-78,-95,-80,-95,-95,-95,-95,-95,-95,-95,-95,-95,-95,-95,-82,-95,-95,-95,-95,-95,-95,-23,-95,-95,-95,-95,-95,-89,-95,-51,-51,-49,-95,-86,-85,-82,-69,-69,-69,-89,-95,-95,-95,-95,-95,-95,-88,-95
230,-61,-95,-95,-95,-95,-95,-95,-95,-95,-95,-95,-95,-84,-80,-82,-82,-82,-95,-95,-95,-95,-95,-95,-95,-70,-73,-76,-75,-86,-86,-92,-90,-88,-91,-95,-95,-95,-95,-95,-95,-89,-95,-95,-95,-95,-95,-91,-95,-95,-95,-95,-95,-95,-95,-95,-95,-95,-95,-95,-95,-95,-95,-43,-95,-95,-71,-95,-95,-95,-91,-95,-95,-52,-95,-95,-95,-95,-95,-89,-95,-95,-95,-95,-95,-53,-83,-82,-69,-69,-69,-89,-95,-95,-95,-95,-95,-95,-95,-95
399,-95,-95,-95,-95,-95,-95,-95,-95,-71,-74,-72,-74,-95,-95,-89,-95,-89,-74,-73,-78,-75,-76,-76,-80,-95,-95,-95,-95,-95,-87,-85,-87,-86,-95,-95,-95,-95,-95,-95,-95,-82,-95,-95,-95,-95,-95,-95,-95,-47,-50,-47,-57,-90,-48,-95,-95,-95,-95,-95,-95,-95,-74,-95,-95,-95,-95,-95,-85,-82,-83,-84,-84,-75,-95,-95,-95,-95,-84,-95,-89,-51,-50,-50,-48,-55,-95,-95,-95,-95,-95,-75,-95,-95,-95,-95,-95,-95,-87,-87
233,-62,-95,-95,-95,-95,-95,-95,-95,-95,-95,-95,-95,-84,-80,-82,-82,-82,-95,-95,-95,-95,-95,-95,-95,-70,-73,-76,-75,-86,-95,-92,-90,-95,-91,-95,-95,-95,-95,-95,-95,-86,-95,-95,-95,-95,-95,-91,-95,-95,-81,-95,-78,-95,-80,-95,-95,-95,-95,-95,-95,-95,-95,-95,-95,-95,-73,-95,-95,-95,-91,-95,-95,-81,-95,-95,-95,-95,-95,-89,-95,-51,-51,-49,-95,-53,-85,-82,-69,-69,-69,-89,-95,-95,-95,-95,-95,-95,-88,-95
48,-84,-95,-95,-95,-95,-95,-77,-81,-95,-95,-95,-95,-95,-95,-95,-95,-95,-87,-95,-95,-95,-95,-95,-95,-50,-50,-50,-54,-50,-70,-73,-67,-69,-69,-95,-95,-95,-95,-95,-95,-95,-95,-95,-95,-95,-89,-95,-95,-95,-95,-95,-95,-92,-95,-95,-95,-95,-95,-95,-95,-95,-95,-86,-84,-82,-67,-82,-70,-74,-64,-95,-95,-83,-95,-95,-95,-95,-95,-56,-95,-95,-95,-95,-95,-95,-44,-95,-95,-95,-95,-95,-95,-95,-95,-95,-95,-95,-95,-95
876,-30,-95,-95,-95,-95,-95,-86,-95,-95,-95,-95,-95,-75,-78,-75,-76,-77,-95,-95,-95,-95,-95,-95,-95,-83,-67,-67,-74,-82,-87,-88,-86,-95,-95,-88,-95,-95,-95,-95,-95,-95,-95,-95,-95,-95,-95,-95,-95,-88,-88,-95,-95,-95,-86,-95,-95,-95,-95,-95,-95,-95,-95,-25,-27,-27,-55,-28,-86,-90,-90,-90,-91,-76,-95,-95,-95,-95,-95,-76,-95,-95,-95,-95,-95,-69,-73,-95,-95,-95,-95,-95,-95,-95,-95,-95,-95,-95,-95,-95
45,-82,-95,-95,-95,-95,-95,-77,-84,-95,-95,-95,-95,-95,-78,-95,-95,-95,-87,-95,-95,-95,-95,-95,-95,-54,-54,-54,-39,-64,-69,-68,-68,-67,-69,-95,-95,-95,-95,-95,-95,-95,-95,-95,-95,-95,-89,-95,-95,-95,-95,-95,-95,-92,-95,-95,-95,-95,-95,-95,-95,-95,-95,-79,-95,-95,-66,-80,-70,-74,-74,-95,-95,-75,-95,-95,-95,-95,-95,-59,-95,-95,-95,-95,-95,-95,-50,-95,-95,-95,-95,-95,-95,-95,-95,-95,-95,-95,-95,-95
873,-33,-95,-95,-95,-95,-95,-86,-91,-95,-95,-95,-95,-95,-78,-95,-84,-95,-95,-95,-95,-95,-95,-95,-95,-67,-67,-67,-89,-70,-87,-88,-86,-84,-95,-95,-95,-95,-95,-95,-95,-95,-95,-95,-95,-95,-95,-95,-95,-95,-95,-95,-95,-95,-95,-95,-95,-95,-95,-95,-95,-95,-95,-25,-27,-27,-52,-28,-86,-90,-90,-90,-91,-79,-95,-95,-95,-95,-95,-85,-95,-63,-62,-64,-61,-69,-70,-95,-95,-95,-95,-95,-95,-95,-95,-95,-95,-95,-95,-95
870,-35,-95,-95,-95,-95,-95,-89,-91,-95,-95,-95,-95,-95,-78,-95,-95,-95,-95,-95,-95,-95,-95,-95,-95,-80,-81,-81,-80,-63,-90,-87,-87,-84,-95,-95,-95,-95,-95,-95,-95,-95,-95,-95,-95,-95,-95,-95,-95,-95,-95,-95,-95,-95,-95,-95,-95,-95,-95,-95,-95,-95,-95,-25,-27,-27,-53,-28,-86,-88,-82,-87,-88,-68,-95,-95,-95,-95,-95,-85,-95,-63,-62,-64,-61,-69,-68,-58,-58,-58,-58,-95,-95,-95,-95,-95,-95,-95,-95,-95
41,-74,-95,-95,-95,-95,-95,-77,-84,-95,-95,-95,-95,-95,-78,-95,-95,-95,-87,-95,-95,-95,-95,-95,-95,-58,-55,-52,-55,-53,-63,-61,-63,-65,-77,-95,-95,-95,-95,-95,-95,-95,-95,-95,-95,-95,-89,-95,-95,-95,-95,-95,-95,-92,-95,-95,-95,-95,-95,-95,-95,-95,-95,-95,-95,-95,-62,-95,-65,-64,-69,-95,-95,-75,-95,-95,-95,-95,-95,-66,-95,-95,-95,-95,-95,-95,-50,-49,-44,-49,-18,-95,-95,-95,-95,-95,-95,-95,-95,-95
321,-95,-95,-95,-95,-95,-95,-95,-89,-82,-95,-80,-93,-95,-95,-95,-95,-95,-60,-66,-66,-92,-64,-66,-87,-95,-95,-95,-95,-95,-58,-58,-58,-65,-60,-95,-95,-76,-75,-77,-74,-80,-95,-79,-61,-61,-71,-61,-61,-67,-67,-67,-69,-95,-69,-95,-95,-95,-95,-95,-95,-95,-80,-95,-95,-95,-95,-95,-95,-64,-65,-68,-61,-82,-69,-66,-69,-67,-70,-95,-90,-67,-69,-69,-69,-69,-95,-95,-95,-95,-95,-74,-75,-95,-95,-95,-95,-95,-95,-82
327,-95,-95,-95,-95,-95,-95,-95,-95,-84,-82,-82,-83,-95,-95,-95,-95,-95,-58,-66,-86,-92,-64,-66,-65,-95,-90,-95,-95,-95,-65,-69,-58,-72,-76,-95,-95,-72,-72,-70,-69,-69,-95,-69,-95,-95,-69,-95,-95,-67,-67,-67,-64,-95,-69,-95,-95,-95,-95,-95,-95,-95,-85,-95,-95,-95,-95,-95,-82,-86,-66,-60,-59,-95,-61,-60,-61,-61,-63,-95,-81,-65,-65,-65,-63,-69,-95,-95,-95,-95,-95,-71,-68,-95,-95,-95,-95,-95,-95,-70
325,-95,-95,-95,-95,-95,-95,-95,-95,-84,-85,-80,-87,-95,-95,-95,-95,-95,-58,-66,-56,-92,-64,-66,-70,-95,-90,-95,-95,-95,-58,-58,-58,-64,-60,-95,-95,-76,-75,-77,-74,-72,-95,-79,-95,-95,-69,-95,-95,-67,-67,-67,-68,-95,-69,-95,-95,-95,-95,-95,-95,-95,-85,-95,-95,-95,-95,-95,-71,-85,-67,-85,-85,-95,-69,-66,-69,-67,-70,-95,-89,-65,-65,-65,-63,-68,-95,-95,-95,-95,-95,-77,-75,-95,-95,-95,-95,-95,-95,-74
688,-80,-95,-95,-95,-95,-95,-77,-84,-95,-95,-95,-95,-68,-67,-82,-67,-80,-95,-95,-95,-95,-95,-95,-95,-35,-36,-35,-41,-38,-73,-73,-72,-67,-64,-95,-89,-95,-95,-95,-95,-95,-95,-95,-84,-84,-86,-84,-84,-84,-81,-95,-95,-95,-95,-95,-95,-95,-95,-95,-95,-95,-95,-79,-80,-80,-62,-78,-53,-55,-59,-52,-52,-82,-95,-95,-95,-95,-95,-60,-95,-79,-79,-78,-78,-81,-59,-45,-45,-45,-45,-95,-95,-95,-95,-95,-95,-95,-95,-95
200,-53,-95,-95,-95,-95,-95,-87,-79,-95,-95,-95,-95,-72,-71,-74,-74,-74,-95,-95,-95,-95,-95,-95,-95,-56,-54,-54,-57,-53,-82,-85,-82,-81,-78,-95,-90,-95,-95,-95,-95,-95,-95,-95,-95,-95,-82,-95,-95,-95,-95,-95,-95,-95,-95,-95,-95,-95,-95,-95,-95,-95,-95,-61,-61,-65,-48,-95,-79,-89,-84,-70,-70,-63,-95,-95,-95,-95,-95,-71,-95,-95,-95,-95,-95,-95,-59,-95,-95,-95,-95,-95,-95,-95,-95,-95,-95,-95,-91,-95
145,-88,-95,-95,-95,-95,-95,-67,-72,-95,-95,-95,-95,-80,-77,-77,-78,-78,-95,-95,-95,-95,-95,-95,-95,-67,-67,-67,-60,-69,-74,-80,-82,-80,-83,-95,-87,-95,-95,-95,-95,-95,-95,-95,-95,-95,-95,-95,-95,-81,-80,-82,-83,-95,-80,-63,-95,-95,-95,-95,-95,-95,-95,-86,-95,-95,-68,-86,-73,-83,-62,-84,-83,-95,-95,-95,-95,-95,-95,-82,-95,-95,-95,-95,-95,-95,-56,-95,-95,-95,-95,-95,-95,-88,-95,-89,-92,-91,-95,-95
142,-88,-95,-95,-95,-95,-95,-67,-77,-95,-95,-95,-95,-84,-87,-85,-84,-86,-95,-95,-95,-95,-95,-95,-95,-73,-73,-73,-65,-70,-74,-77,-75,-76,-76,-95,-74,-95,-95,-95,-95,-95,-95,-95,-95,-95,-95,-95,-95,-81,-80,-82,-83,-95,-80,-82,-95,-95,-95,-95,-95,-95,-95,-95,-95,-95,-71,-86,-73,-83,-83,-84,-83,-95,-95,-95,-95,-95,-95,-82,-95,-95,-95,-95,-95,-95,-54,-95,-95,-95,-95,-95,-95,-88,-95,-89,-92,-91,-95,-95
204,-49,-95,-95,-95,-95,-95,-87,-79,-95,-95,-95,-95,-71,-73,-72,-73,-69,-95,-95,-95,-95,-95,-95,-95,-56,-54,-54,-62,-53,-91,-85,-82,-81,-78,-95,-95,-95,-95,-95,-95,-95,-95,-95,-95,-95,-82,-95,-95,-95,-95,-95,-95,-95,-95,-95,-95,-95,-95,-95,-95,-95,-95,-95,-95,-95,-58,-95,-79,-89,-91,-70,-70,-69,-95,-95,-95,-95,-95,-71,-95,-95,-95,-95,-95,-95,-55,-95,-95,-95,-95,-95,-95,-95,-95,-95,-95,-95,-91,-95
772,-81,-95,-95,-95,-95,-95,-46,-81,-95,-95,-95,-95,-95,-95,-95,-95,-95,-95,-95,-95,-95,-95,-95,-95,-86,-80,-84,-81,-87,-86,-84,-91,-88,-93,-90,-75,-95,-95,-95,-95,-95,-95,-95,-95,-95,-95,-95,-95,-89,-95,-95,-95,-95,-95,-75,-81,-82,-81,-83,-81,-89,-95,-80,-78,-87,-83,-78,-77,-78,-95,-81,-77,-95,-95,-95,-95,-95,-95,-56,-95,-95,-95,-95,-95,-95,-66,-95,-95,-95,-95,-95,-95,-95,-89,-95,-95,-95,-95,-95
612,-64,-95,-95,-95,-95,-95,-95,-95,-90,-84,-82,-95,-95,-95,-95,-95,-95,-79,-95,-89,-95,-95,-95,-86,-88,-95,-95,-95,-95,-95,-95,-95,-75,-94,-95,-95,-71,-73,-74,-74,-80,-95,-82,-95,-95,-71,-95,-95,-69,-64,-69,-67,-95,-65,-95,-95,-95,-95,-95,-95,-95,-95,-74,-75,-72,-83,-74,-86,-82,-83,-86,-87,-83,-95,-95,-95,-95,-95,-95,-88,-40,-40,-40,-40,-39,-89,-95,-95,-88,-90,-82,-75,-95,-95,-95,-95,-95,-95,-95
208,-50,-95,-95,-95,-95,-95,-87,-79,-95,-95,-95,-95,-71,-73,-72,-73,-69,-95,-95,-95,-95,-95,-95,-95,-60,-59,-60,-66,-60,-87,-85,-82,-95,-95,-95,-95,-95,-95,-95,-95,-95,-95,-95,-95,-95,-80,-95,-95,-95,-95,-95,-95,-95,-95,-95,-95,-95,-95,-95,-95,-95,-95,-95,-95,-95,-54,-95,-79,-89,-84,-95,-95,-67,-95,-95,-95,-95,-95,-79,-95,-95,-95,-95,-95,-69,-68,-68,-69,-69,-69,-95,-95,-95,-95,-95,-95,-95,-91,-95
611,-60,-95,-95,-95,-95,-95,-95,-95,-90,-84,-82,-95,-95,-95,-95,-95,-95,-79,-95,-89,-95,-95,-95,-86,-88,-95,-95,-95,-95,-95,-95,-95,-75,-94,-95,-95,-71,-73,-74,-74,-80,-95,-75,-95,-95,-71,-95,-95,-69,-64,-69,-67,-95,-65,-95,-95,-95,-95,-95,-95,-95,-95,-74,-75,-72,-83,-74,-86,-82,-83,-86,-87,-83,-95,-95,-95,-95,-95,-95,-88,-40,-40,-40,-40,-39,-89,-95,-95,-88,-90,-82,-75,-95,-95,-95,-95,-95,-95,-95
779,-81,-95,-87,-95,-95,-95,-52,-77,-95,-95,-95,-95,-88,-88,-95,-95,-95,-95,-95,-95,-95,-95,-95,-95,-81,-80,-87,-80,-87,-82,-85,-95,-84,-84,-90,-64,-95,-95,-95,-95,-95,-95,-95,-95,-95,-95,-95,-95,-95,-95,-95,-95,-95,-95,-74,-81,-82,-81,-83,-81,-87,-95,-73,-71,-73,-78,-77,-62,-78,-82,-76,-77,-95,-95,-95,-95,-95,-95,-57,-95,-95,-95,-95,-95,-95,-58,-95,-95,-95,-95,-95,-95,-95,-89,-95,-95,-95,-95,-95
149,-95,-95,-95,-95,-95,-95,-67,-75,-95,-95,-95,-95,-80,-77,-77,-78,-78,-84,-95,-95,-95,-95,-95,-95,-88,-67,-89,-68,-89,-73,-72,-69,-74,-73,-95,-88,-95,-95,-95,-95,-95,-95,-95,-95,-95,-95,-95,-95,-76,-80,-82,-79,-95,-78,-63,-95,-95,-95,-95,-95,-95,-95,-86,-95,-95,-67,-95,-79,-78,-64,-77,-70,-95,-95,-95,-95,-95,-95,-47,-95,-95,-95,-95,-95,-95,-51,-95,-95,-95,-95,-95,-95,-88,-95,-89,-92,-91,-95,-95
77,-95,-95,-95,-95,-95,-95,-66,-86,-95,-95,-95,-95,-82,-84,-84,-82,-84,-84,-95,-95,-95,-95,-95,-95,-69,-69,-78,-72,-75,-78,-74,-81,-78,-80,-95,-78,-95,-95,-95,-95,-95,-95,-95,-95,-95,-95,-95,-95,-81,-78,-80,-81,-95,-78,-64,-95,-95,-95,-95,-95,-95,-95,-95,-95,-95,-75,-95,-73,-69,-71,-73,-71,-95,-95,-95,-95,-95,-95,-80,-95,-95,-95,-95,-95,-95,-56,-53,-55,-53,-57,-95,-95,-95,-95,-95,-95,-95,-95,-95
436,-74,-95,-95,-95,-95,-95,-95,-95,-76,-74,-73,-73,-86,-86,-87,-86,-86,-67,-67,-72,-95,-68,-95,-84,-95,-95,-95,-95,-95,-72,-95,-75,-80,-95,-95,-95,-63,-63,-63,-63,-69,-95,-59,-95,-95,-95,-95,-95,-64,-64,-63,-63,-95,-64,-95,-95,-95,-95,-95,-95,-95,-75,-77,-95,-77,-95,-95,-75,-74,-77,-75,-74,-62,-95,-95,-95,-95,-70,-95,-90,-42,-40,-42,-42,-46,-95,-95,-95,-95,-95,-61,-61,-95,-95,-95,-95,-95,-90,-87
73,-87,-95,-95,-95,-95,-95,-63,-81,-95,-95,-95,-95,-82,-84,-84,-82,-84,-84,-95,-95,-95,-95,-95,-95,-69,-88,-78,-88,-70,-74,-75,-75,-79,-75,-95,-76,-95,-95,-95,-95,-95,-95,-95,-95,-95,-95,-95,-95,-76,-68,-75,-75,-95,-74,-64,-95,-95,-95,-95,-95,-95,-95,-95,-95,-95,-71,-95,-73,-69,-74,-73,-71,-95,-95,-95,-95,-95,-95,-46,-95,-95,-95,-95,-95,-95,-61,-53,-55,-53,-57,-95,-95,-95,-95,-95,-95,-95,-95,-95
70,-87,-95,-95,-95,-95,-95,-67,-89,-95,-95,-95,-95,-95,-95,-95,-95,-95,-84,-95,-95,-95,-95,-95,-95,-69,-69,-78,-80,-69,-79,-79,-80,-82,-79,-95,-86,-95,-95,-95,-95,-95,-95,-95,-95,-95,-95,-95,-95,-76,-68,-75,-75,-95,-74,-95,-95,-95,-95,-95,-95,-95,-95,-95,-95,-95,-69,-95,-69,-81,-71,-69,-87,-95,-95,-95,-95,-95,-95,-42,-95,-95,-95,-95,-95,-95,-60,-53,-55,-53,-57,-95,-95,-95,-95,-95,-95,-95,-95,-95
487,-95,-95,-95,-95,-95,-95,-95,-95,-81,-86,-82,-79,-89,-95,-90,-91,-95,-59,-95,-56,-95,-95,-95,-63,-95,-95,-95,-95,-95,-63,-61,-95,-64,-95,-95,-95,-72,-76,-75,-75,-80,-95,-75,-69,-68,-67,-68,-68,-75,-75,-95,-69,-95,-72,-95,-95,-95,-95,-95,-95,-95,-80,-95,-95,-95,-95,-95,-72,-68,-68,-68,-71,-85,-68,-69,-69,-72,-72,-95,-84,-58,-58,-58,-67,-59,-95,-95,-95,-95,-95,-73,-75,-95,-95,-95,-95,-95,-90,-75
483,-95,-95,-95,-95,-95,-95,-95,-90,-86,-86,-84,-86,-89,-95,-90,-91,-95,-56,-95,-59,-95,-95,-95,-80,-95,-95,-88,-95,-95,-63,-61,-71,-56,-51,-95,-95,-72,-76,-75,-75,-76,-95,-71,-69,-68,-70,-68,-68,-82,-80,-78,-69,-95,-79,-95,-95,-95,-95,-95,-95,-95,-82,-95,-95,-95,-95,-95,-65,-66,-67,-81,-66,-85,-68,-69,-69,-72,-77,-95,-86,-66,-67,-66,-67,-69,-95,-95,-95,-95,-95,-71,-68,-95,-95,-95,-95,-95,-90,-79
472,-95,-95,-95,-95,-95,-95,-95,-90,-78,-78,-76,-78,-95,-95,-95,-95,-95,-58,-65,-60,-60,-61,-62,-71,-87,-88,-88,-90,-88,-91,-72,-71,-57,-51,-95,-95,-82,-81,-95,-84,-72,-95,-69,-64,-61,-63,-63,-61,-82,-80,-78,-82,-95,-79,-95,-95,-95,-95,-95,-95,-95,-79,-95,-95,-95,-95,-95,-52,-95,-87,-53,-51,-95,-95,-95,-95,-95,-73,-95,-90,-95,-95,-95,-95,-72,-95,-95,-95,-95,-95,-71,-74,-95,-95,-95,-95,-95,-90,-68
356,-95,-95,-95,-95,-95,-95,-95,-95,-68,-86,-72,-72,-82,-82,-82,-82,-83,-66,-95,-59,-95,-95,-95,-72,-95,-95,-95,-95,-95,-90,-79,-78,-69,-79,-95,-95,-57,-57,-59,-57,-63,-95,-66,-75,-72,-72,-72,-71,-70,-70,-68,-62,-95,-74,-95,-95,-95,-95,-95,-95,-95,-71,-95,-95,-95,-95,-95,-67,-65,-63,-74,-67,-95,-48,-46,-46,-51,-55,-95,-82,-51,-54,-51,-51,-54,-95,-95,-95,-95,-95,-65,-65,-95,-95,-95,-95,-95,-86,-79
808,-83,-95,-95,-95,-95,-95,-72,-79,-95,-95,-95,-95,-85,-85,-82,-82,-82,-82,-95,-95,-95,-95,-95,-95,-64,-68,-63,-67,-64,-69,-68,-69,-68,-68,-95,-86,-95,-95,-95,-95,-95,-95,-95,-95,-95,-90,-95,-95,-78,-95,-95,-95,-95,-82,-91,-95,-95,-95,-95,-95,-95,-95,-82,-83,-83,-70,-80,-70,-70,-66,-72,-63,-95,-95,-95,-95,-95,-95,-35,-95,-95,-95,-95,-95,-95,-53,-95,-95,-95,-95,-95,-95,-95,-95,-95,-95,-95,-95,-95
476,-95,-95,-95,-95,-95,-95,-95,-90,-75,-81,-78,-79,-95,-95,-95,-95,-95,-44,-65,-59,-60,-61,-62,-78,-87,-88,-88,-90,-88,-91,-72,-71,-69,-51,-95,-95,-95,-95,-95,-95,-77,-95,-70,-64,-61,-63,-63,-61,-82,-80,-78,-82,-95,-79,-95,-95,-95,-95,-95,-95,-95,-80,-95,-95,-95,-95,-95,-67,-98,-64,-66,-67,-95,-95,-95,-95,-95,-68,-95,-90,-62,-62,-62,-62,-62,-95,-95,-95,-95,-95,-69,-72,-95,-95,-95,-95,-95,-90,-76
352,-95,-95,-95,-95,-95,-95,-95,-91,-73,-75,-75,-95,-82,-82,-82,-82,-83,-65,-95,-73,-95,-95,-95,-71,-95,-95,-95,-95,-95,-90,-79,-78,-69,-79,-95,-95,-57,-57,-59,-57,-61,-95,-65,-75,-72,-72,-72,-71,-70,-70,-68,-63,-95,-74,-95,-95,-95,-95,-95,-95,-95,-77,-95,-95,-95,-95,-95,-76,-77,-83,-74,-77,-95,-48,-46,-46,-51,-58,-95,-82,-51,-54,-51,-51,-54,-95,-95,-95,-95,-95,-63,-63,-95,-95,-95,-95,-95,-86,-71
684,-69,-95,-95,-95,-95,-95,-84,-84,-95,-95,-95,-95,-68,-67,-68,-67,-66,-95,-95,-95,-95,-95,-95,-95,-35,-36,-35,-36,-38,-73,-73,-72,-69,-73,-95,-88,-95,-95,-95,-95,-95,-95,-95,-84,-84,-86,-84,-84,-95,-95,-95,-95,-95,-95,-95,-95,-95,-95,-95,-95,-95,-95,-69,-68,-67,-64,-70,-45,-37,-52,-75,-53,-87,-95,-95,-95,-95,-95,-65,-95,-95,-95,-95,-95,-80,-56,-45,-45,-45,-45,-95,-95,-95,-95,-95,-95,-95,-95,-95
801,-79,-95,-95,-95,-95,-95,-65,-79,-95,-95,-95,-95,-74,-75,-74,-74,-74,-95,-95,-95,-95,-95,-95,-95,-95,-91,-89,-67,-82,-72,-70,-72,-72,-71,-95,-85,-95,-95,-95,-95,-95,-95,-95,-95,-95,-95,-95,-95,-78,-76,-77,-74,-95,-82,-64,-95,-95,-95,-95,-95,-95,-95,-95,-95,-95,-76,-95,-82,-80,-71,-83,-84,-95,-95,-95,-95,-95,-95,-47,-95,-95,-95,-95,-95,-95,-53,-95,-95,-95,-95,-95,-95,-91,-91,-91,-95,-95,-95,-95
479,-95,-95,-95,-95,-95,-95,-95,-90,-80,-81,-80,-80,-89,-95,-90,-91,-95,-60,-65,-63,-60,-61,-62,-69,-87,-88,-88,-90,-88,-63,-61,-71,-59,-51,-95,-95,-72,-95,-72,-95,-70,-95,-69,-69,-68,-70,-68,-68,-82,-80,-78,-95,-95,-79,-95,-95,-95,-95,-95,-95,-95,-80,-95,-95,-95,-95,-95,-67,-98,-72,-66,-67,-85,-68,-69,-69,-72,-68,-95,-87,-62,-62,-62,-62,-62,-95,-95,-95,-95,-95,-71,-68,-95,-95,-95,-95,-95,-90,-62
681,-71,-95,-95,-95,-95,-95,-85,-83,-95,-95,-95,-95,-95,-95,-95,-95,-95,-95,-95,-95,-95,-95,-95,-95,-42,-47,-42,-44,-41,-73,-73,-72,-70,-73,-95,-95,-95,-95,-95,-95,-95,-95,-95,-84,-84,-86,-84,-84,-86,-84,-84,-87,-95,-86,-95,-95,-95,-95,-95,-95,-95,-95,-60,-61,-60,-55,-60,-71,-75,-73,-75,-84,-89,-95,-95,-95,-95,-95,-64,-95,-95,-95,-95,-95,-80,-45,-45,-45,-45,-45,-95,-95,-95,-95,-95,-95,-95,-95,-95
805,-83,-95,-95,-95,-95,-95,-68,-78,-95,-95,-95,-95,-85,-85,-82,-82,-82,-82,-95,-95,-95,-95,-95,-95,-69,-69,-69,-66,-67,-67,-67,-67,-66,-66,-95,-82,-95,-95,-95,-95,-95,-95,-95,-95,-95,-95,-95,-95,-78,-76,-77,-74,-95,-82,-91,-95,-95,-95,-95,-95,-95,-95,-82,-83,-83,-70,-80,-70,-80,-72,-70,-107,-95,-95,-95,-95,-95,-95,-46,-95,-95,-95,-95,-95,-95,-52,-95,-95,-95,-95,-95,-95,-95,-95,-95,-95,-95,-95,-95
